,1A,2A,3A,1B,2B,3B,1C,2C,3C
0,1.0,1.0,1.0,1.0,1.0,1.0,71.28962465355585,71.28962465355585,999.0
1,1.0,1.0,1.0,1.0,1.0,1.0,71.28962465355585,71.40288154200502,999.0
2,1.0,1.0,1.0,1.0,1.0,1.0,71.28962465355585,71.61011092983334,999.0
3,1.0,1.0,1.0,1.0,1.0,1.0,71.28962465355585,71.87839612599831,999.0
4,1.0,1.0,1.0,1.0,1.0,1.0,71.28962465355585,72.19576809246826,999.0
5,1.0,1.0,1.0,1.0,1.0,1.0,71.28962465355585,72.55514348359081,999.0
6,1.0,1.0,1.0,1.0,1.0,1.0,71.28962465355585,72.95161634072721,999.0
7,1.0,1.0,1.0,1.0,1.0,1.0,71.28962465355585,73.38148508705481,999.0
8,1.0,1.0,1.0,1.0,1.0,1.0,71.28962465355585,73.84179519064035,999.0
9,1.0,1.0,1.0,1.0,1.0,1.0,71.28962465355585,74.33010140308411,999.0
10,1.0,1.0,1.0,1.0,1.0,1.0,71.28962465355585,74.84432555517525,999.0
11,1.0,1.0,1.0,1.0,1.0,1.0,71.28962465355585,75.38265799186621,999.0
12,1.0,1.0,1.0,1.0,1.0,1.0,71.28962465355585,75.94350818594326,999.0
13,1.0,1.0,1.0,1.0,1.0,1.0,71.28962465355585,76.52545486568968,999.0
14,1.0,1.0,1.0,1.0,1.0,1.0,71.28962465355585,77.12721711729496,999.0
15,1.0,1.0,1.0,1.0,1.0,1.0,71.28962465355585,77.74763150244439,999.0
16,1.0,1.0,1.0,1.0,1.0,1.0,71.28962465355585,78.38563456804823,999.0
17,1.0,1.0,1.0,1.0,1.0,1.0,71.28962465355585,79.04024918717154,999.0
18,1.0,1.0,1.0,1.0,1.0,1.0,71.28962465355585,79.71057364892,999.0
19,1.0,1.0,1.0,1.0,1.0,1.0,71.28962465355585,80.39577284315732,999.0
20,1.0,1.0,1.0,1.0,1.0,1.0,71.28962465355585,81.09507096581731,999.0
21,1.0,1.0,1.0,1.0,1.0,1.0,71.28962465355585,81.80774544161078,999.0
22,1.0,1.0,1.0,1.0,1.0,1.0,71.28962465355585,82.53312176876044,999.0
23,1.0,1.0,1.0,1.0,1.0,1.0,71.28962465355585,83.27056910780487,999.0
24,1.0,1.0,1.0,1.0,1.0,1.0,71.28962465355585,84.01949646186313,999.0
25,1.0,1.0,1.0,1.0,1.0,1.0,71.28962465355585,84.77934934843375,999.0
26,1.0,1.0,1.0,1.0,1.0,1.0,71.28962465355585,85.5496068728226,999.0
27,1.0,1.0,1.0,1.0,1.0,1.0,71.28962465355585,86.32977903839878,999.0
28,1.0,1.0,1.0,1.0,1.0,1.0,71.28962465355585,87.11940459864965,999.0
29,1.0,1.0,1.0,1.0,1.0,1.0,71.28962465355585,87.91804877885644,999.0
30,1.0,1.0,1.0,1.0,1.0,1.0,71.28962465355585,88.72530150475629,999.0
31,1.0,1.0,1.0,1.0,1.0,1.0,71.28962465355585,89.54077562406009,999.0
32,1.0,1.0,1.0,1.0,1.0,1.0,71.28962465355585,90.36410540402699,999.0
33,1.0,1.0,1.0,1.0,1.0,1.0,71.28962465355585,91.19494506100378,999.0
34,1.0,1.0,1.0,1.0,1.0,1.0,71.28962465355585,92.03296749919485,999.0
35,1.0,1.0,1.0,1.0,1.0,1.0,71.28962465355585,92.87786301807294,999.0
36,1.0,1.0,1.0,1.0,1.0,1.0,71.28962465355585,93.72933834739477,999.0
37,1.0,1.0,1.0,1.0,1.0,1.0,71.28962465355585,94.58711550134922,999.0
38,1.0,1.0,1.0,1.0,1.0,1.0,71.28962465355585,95.45093088221401,999.0
39,1.0,1.0,1.0,1.0,1.0,1.0,71.28962465355585,96.32053440214912,999.0
40,1.0,1.0,1.0,1.0,1.0,1.0,71.28962465355585,97.19568866035067,999.0
41,1.0,1.0,1.0,1.0,1.0,1.0,71.28962465355585,98.07616819929423,999.0
42,1.0,1.0,1.0,1.0,1.0,1.0,71.28962465355585,98.96175877347648,999.0
43,1.0,1.0,1.0,1.0,1.0,1.0,71.28962465355585,99.85225673252329,999.0
44,1.0,1.0,1.0,1.0,1.0,1.0,71.28962465355585,100.74746836345477,999.0
45,1.0,1.0,1.0,1.0,1.0,1.0,71.28962465355585,101.6472093651174,999.0
46,1.0,1.0,1.0,1.0,1.0,1.0,71.28962465355585,102.55130425712676,999.0
47,1.0,1.0,1.0,1.0,1.0,1.0,71.28962465355585,103.45958595356254,999.0
48,1.0,1.0,1.0,1.0,1.0,1.0,71.28962465355585,104.37189523429127,999.0
49,1.0,1.0,1.0,1.0,1.0,1.0,71.28962465355585,105.2880803244744,999.0
50,1.0,1.0,1.0,1.0,1.0,1.0,71.28962465355585,106.20799650735941,999.0
51,1.0,1.0,1.0,1.0,1.0,1.0,71.28962465355585,107.13150568980653,999.0
52,1.0,1.0,1.0,1.0,1.0,1.0,71.28962465355585,108.05847610546209,999.0
53,1.0,1.0,1.0,1.0,1.0,1.0,71.28962465355585,108.98878193603034,999.0
54,1.0,1.0,1.0,1.0,1.0,1.0,71.28962465355585,109.92230298309335,999.0
55,1.0,1.0,1.0,1.0,1.0,1.0,71.28962465355585,110.8589243944445,999.0
56,1.0,1.0,1.0,1.0,1.0,1.0,71.28962465355585,111.79853639405815,999.0
57,1.0,1.0,1.0,1.0,1.0,1.0,71.28962465355585,112.7410339835524,999.0
58,1.0,1.0,1.0,1.0,1.0,1.0,71.28962465355585,113.68631670771593,999.0
59,1.0,1.0,1.0,1.0,1.0,1.0,71.28962465355585,114.63428843698819,999.0
60,1.0,1.0,1.0,1.0,1.0,1.0,71.28962465355585,115.58485711624155,999.0
61,1.0,1.0,1.0,1.0,1.0,1.0,71.28962465355585,116.53793458443434,999.0
62,1.0,1.0,1.0,1.0,1.0,1.0,71.28962465355585,117.49343636026933,999.0
63,1.0,1.0,1.0,1.0,1.0,1.0,71.28962465355585,118.45128152061295,999.0
64,1.0,1.0,1.0,1.0,1.0,1.0,71.28962465355585,119.41139237786129,999.0
65,1.0,1.0,1.0,1.0,1.0,1.0,71.28962465355585,120.37369446271819,999.0
66,1.0,1.0,1.0,1.0,1.0,1.0,71.28962465355585,121.33811633647164,999.0
67,1.0,1.0,1.0,1.0,1.0,1.0,71.28962465355585,122.30458940088096,999.0
68,1.0,1.0,1.0,1.0,1.0,1.0,71.28962465355585,123.27304779150228,999.0
69,1.0,1.0,1.0,1.0,1.0,1.0,71.28962465355585,124.2434282260592,999.0
70,1.0,1.0,1.0,1.0,1.0,1.0,71.28962465355585,125.21566992823679,999.0
71,1.0,1.0,1.0,1.0,1.0,1.0,71.28962465355585,126.18971445257168,999.0
72,1.0,1.0,1.0,1.0,1.0,1.0,71.28962465355585,127.16550560885847,999.0
73,1.0,1.0,1.0,1.0,1.0,1.0,71.28962465355585,128.14298934637745,999.0
74,1.0,1.0,1.0,1.0,1.0,1.0,71.28962465355585,129.12211367453193,999.0
75,1.0,1.0,1.0,1.0,1.0,1.0,71.28962465355585,130.10282850998482,999.0
76,1.0,1.0,1.0,1.0,1.0,1.0,71.28962465355585,131.08508568540842,999.0
77,1.0,1.0,1.0,1.0,1.0,1.0,71.28962465355585,132.06883876011727,999.0
78,1.0,1.0,1.0,1.0,1.0,1.0,71.28962465355585,133.0540430454413,999.0
79,1.0,1.0,1.0,1.0,1.0,1.0,71.28962465355585,134.04065542822696,999.0
80,1.0,1.0,1.0,1.0,1.0,1.0,71.28962465355585,135.0286343658387,999.0
81,1.0,1.0,1.0,1.0,1.0,1.0,71.28962465355585,136.01793978007655,999.0
82,1.0,1.0,1.0,1.0,1.0,1.0,71.28962465355585,137.00853302830478,999.0
83,1.0,1.0,1.0,1.0,1.0,1.0,71.28962465355585,138.00037679499803,999.0
84,1.0,1.0,1.0,1.0,1.0,1.0,71.28962465355585,138.99343518453676,999.0
85,1.0,1.0,1.0,1.0,1.0,1.0,71.28962465355585,139.98767334135493,999.0
86,1.0,1.0,1.0,1.0,1.0,1.0,71.28962465355585,140.9830577294356,999.0
87,1.0,1.0,1.0,1.0,1.0,1.0,71.28962465355585,141.97955593133298,999.0
88,1.0,1.0,1.0,1.0,1.0,1.0,71.28962465355585,142.97713663057607,999.0
89,1.0,1.0,1.0,1.0,1.0,1.0,71.28962465355585,143.97576953741552,999.0
90,1.0,1.0,1.0,1.0,1.0,1.0,71.28962465355585,144.97542537082543,999.0
91,1.0,1.0,1.0,1.0,1.0,1.0,71.28962465355585,145.97607579910232,999.0
92,1.0,1.0,1.0,1.0,1.0,1.0,71.28962465355585,146.97769345686999,999.0
93,1.0,1.0,1.0,1.0,1.0,1.0,71.28962465355585,147.9802518253703,999.0
94,1.0,1.0,1.0,1.0,1.0,1.0,71.28962465355585,148.98372524405536,999.0
95,1.0,1.0,1.0,1.0,1.0,1.0,71.28962465355585,149.9880888717862,999.0
96,1.0,1.0,1.0,1.0,1.0,1.0,71.28962465355585,150.9933186568328,999.0
97,1.0,1.0,1.0,1.0,1.0,1.0,71.28962465355585,151.99939130326786,999.0
98,1.0,1.0,1.0,1.0,1.0,1.0,71.28962465355585,153.0062842344523,999.0
99,1.0,1.0,1.0,1.0,1.0,1.0,71.28962465355585,154.0139755630934,999.0
100,1.0,1.0,1.0,1.0,1.0,1.0,71.28962465355585,155.0224440824628,999.0
101,1.0,1.0,1.0,1.0,1.0,1.0,71.28962465355585,156.03166924611742,999.0
102,1.0,1.0,1.0,1.0,1.0,1.0,71.28962465355585,157.041631053327,999.0
103,1.0,1.0,1.0,1.0,1.0,1.0,71.28962465355585,158.05231021382878,999.0
104,1.0,1.0,1.0,1.0,1.0,1.0,71.28962465355585,159.06368792963545,999.0
105,1.0,1.0,1.0,1.0,1.0,1.0,71.28962465355585,160.07574596882574,999.0
106,1.0,1.0,1.0,1.0,1.0,1.0,71.28962465355585,161.08846664798813,999.0
107,1.0,1.0,1.0,1.0,1.0,1.0,71.28962465355585,162.1018327920443,999.0
108,1.0,1.0,1.0,1.0,1.0,1.0,71.28962465355585,163.11582770821377,999.0
109,1.0,1.0,1.0,1.0,1.0,1.0,71.28962465355585,164.13043519788783,999.0
110,1.0,1.0,1.0,1.0,1.0,1.0,71.28962465355585,165.145639514148,999.0
111,1.0,1.0,1.0,1.0,1.0,1.0,71.28962465355585,166.16142533205522,999.0
112,1.0,1.0,1.0,1.0,1.0,1.0,71.28962465355585,167.17777781559892,999.0
113,1.0,1.0,1.0,1.0,1.0,1.0,71.28962465355585,168.19468246773067,999.0
114,1.0,1.0,1.0,1.0,1.0,1.0,71.28962465355585,169.21212519662083,999.0
115,1.0,1.0,1.0,1.0,1.0,1.0,71.28962465355585,170.23009239399846,999.0
116,1.0,1.0,1.0,1.0,1.0,1.0,71.28962465355585,171.24857068559868,999.0
117,1.0,1.0,1.0,1.0,1.0,1.0,71.28962465355585,172.26754713005562,999.0
118,1.0,1.0,1.0,1.0,1.0,1.0,71.28962465355585,173.2870091267328,999.0
119,1.0,1.0,1.0,1.0,1.0,1.0,71.28962465355585,174.306944388403,999.0
120,1.0,1.0,1.0,1.0,1.0,1.0,71.28962465355585,175.32734098672728,999.0
121,1.0,1.0,1.0,1.0,1.0,1.0,71.28962465355585,176.34818726399035,999.0
122,1.0,1.0,1.0,1.0,1.0,1.0,71.28962465355585,177.36947189425683,999.0
123,1.0,1.0,1.0,1.0,1.0,1.0,71.28962465355585,178.39118381024474,999.0
124,1.0,1.0,1.0,1.0,1.0,1.0,71.28962465355585,179.4133122620954,999.0
125,1.0,1.0,1.0,1.0,1.0,1.0,71.28962465355585,180.4358467969511,999.0
126,1.0,1.0,1.0,1.0,1.0,1.0,71.28962465355585,181.45877715137783,999.0
127,1.0,1.0,1.0,1.0,1.0,1.0,71.28962465355585,182.4820933562608,999.0
128,1.0,1.0,1.0,1.0,1.0,1.0,71.28962465355585,183.50578567086782,999.0
129,1.0,1.0,1.0,1.0,1.0,1.0,71.28962465355585,184.52984471231377,999.0
130,1.0,1.0,1.0,1.0,1.0,1.0,71.28962465355585,185.55426113094762,999.0
131,1.0,1.0,1.0,1.0,1.0,1.0,71.28962465355585,186.5790259391377,999.0
132,1.0,1.0,1.0,1.0,1.0,1.0,71.28962465355585,187.60413034215384,999.0
133,1.0,1.0,1.0,1.0,1.0,1.0,71.28962465355585,188.6295657339052,999.0
134,1.0,1.0,1.0,1.0,1.0,1.0,71.28962465355585,189.65532373985923,999.0
135,1.0,1.0,1.0,1.0,1.0,1.0,71.28962465355585,190.6813961657712,999.0
136,1.0,1.0,1.0,1.0,1.0,1.0,71.28962465355585,191.70777502185265,999.0
137,1.0,1.0,1.0,1.0,1.0,1.0,71.28962465355585,192.7344525094215,999.0
138,1.0,1.0,1.0,1.0,1.0,1.0,71.28962465355585,193.76142097915235,999.0
139,1.0,1.0,1.0,1.0,1.0,1.0,71.28962465355585,194.78867300515188,999.0
140,1.0,1.0,1.0,1.0,1.0,1.0,71.28962465355585,195.81620129924616,999.0
141,1.0,1.0,1.0,1.0,1.0,1.0,71.28962465355585,196.84399875260667,999.0
142,1.0,1.0,1.0,1.0,1.0,1.0,71.28962465355585,197.872058417773,999.0
143,1.0,1.0,1.0,1.0,1.0,1.0,71.28962465355585,198.90037349767954,999.0
144,1.0,1.0,1.0,1.0,1.0,1.0,71.28962465355585,199.9289373525824,999.0
145,1.0,1.0,1.0,1.0,1.0,1.0,71.28962465355585,200.95774348811466,999.0
146,1.0,1.0,1.0,1.0,1.0,1.0,71.28962465355585,201.9867855652762,999.0
147,1.0,1.0,1.0,1.0,1.0,1.0,71.28962465355585,203.01605736289622,999.0
148,1.0,1.0,1.0,1.0,1.0,1.0,71.28962465355585,204.04555281353993,999.0
149,1.0,1.0,1.0,1.0,1.0,1.0,71.28962465355585,205.07526596992162,999.0
150,1.0,1.0,1.0,1.0,1.0,1.0,71.28962465355585,206.10519102793617,999.0
151,1.0,1.0,1.0,1.0,1.0,1.0,71.28962465355585,207.1353222981879,999.0
152,1.0,1.0,1.0,1.0,1.0,1.0,71.28962465355585,208.16565420835045,999.0
153,1.0,1.0,1.0,1.0,1.0,1.0,71.28962465355585,209.19618132031832,999.0
154,1.0,1.0,1.0,1.0,1.0,1.0,71.28962465355585,210.22689451764109,999.0
155,1.0,1.0,1.0,1.0,1.0,1.0,71.28962465355585,211.25779992053958,999.0
156,1.0,1.0,1.0,1.0,1.0,1.0,71.28962465355585,212.28888107724245,999.0
157,1.0,1.0,1.0,1.0,1.0,1.0,71.28962465355585,213.3201367660056,999.0
158,1.0,1.0,1.0,1.0,1.0,1.0,71.28962465355585,214.35156208104843,999.0
159,1.0,1.0,1.0,1.0,1.0,1.0,71.28962465355585,215.38315223262433,999.0
160,1.0,1.0,1.0,1.0,1.0,1.0,71.28962465355585,216.41490251064297,999.0
161,1.0,1.0,1.0,1.0,1.0,1.0,71.28962465355585,217.4468083192522,999.0
162,1.0,1.0,1.0,1.0,1.0,1.0,71.28962465355585,218.47886513797678,999.0
163,1.0,1.0,1.0,1.0,1.0,1.0,71.28962465355585,219.51106854436037,999.0
164,1.0,1.0,1.0,1.0,1.0,1.0,71.28962465355585,220.5434142159893,999.0
165,1.0,1.0,1.0,1.0,1.0,1.0,71.28962465355585,221.57589789716454,999.0
166,1.0,1.0,1.0,1.0,1.0,1.0,71.28962465355585,222.60851543371598,999.0
167,1.0,1.0,1.0,1.0,1.0,1.0,71.28962465355585,223.64126274748634,999.0
168,1.0,1.0,1.0,1.0,1.0,1.0,71.28962465355585,224.67413584386085,999.0
169,1.0,1.0,1.0,1.0,1.0,1.0,71.28962465355585,225.70713079202488,999.0
170,1.0,1.0,1.0,1.0,1.0,1.0,71.28962465355585,226.74024376702206,999.0
171,1.0,1.0,1.0,1.0,1.0,1.0,71.28962465355585,227.77347098359755,999.0
172,1.0,1.0,1.0,1.0,1.0,1.0,71.28962465355585,228.80680875900592,999.0
173,1.0,1.0,1.0,1.0,1.0,1.0,71.28962465355585,229.84025346812166,999.0
174,1.0,1.0,1.0,1.0,1.0,1.0,71.28962465355585,230.87380153980163,999.0
175,1.0,1.0,1.0,1.0,1.0,1.0,71.28962465355585,231.907449503407,999.0
176,1.0,1.0,1.0,1.0,1.0,1.0,71.28962465355585,232.94119395838146,999.0
177,1.0,1.0,1.0,1.0,1.0,1.0,71.28962465355585,233.97503152346872,999.0
178,1.0,1.0,1.0,1.0,1.0,1.0,71.28962465355585,235.0089589192725,999.0
179,1.0,1.0,1.0,1.0,1.0,1.0,71.28962465355585,236.04297291123075,999.0
180,1.0,1.0,1.0,1.0,1.0,1.0,71.28962465355585,237.07707033803248,999.0
181,1.0,1.0,1.0,1.0,1.0,1.0,71.28962465355585,238.11124808734107,999.0
182,1.0,1.0,1.0,1.0,1.0,1.0,71.28962465355585,239.14550310387045,999.0
183,1.0,1.0,1.0,1.0,1.0,1.0,71.28962465355585,240.1798324130216,999.0
184,1.0,1.0,1.0,1.0,1.0,1.0,71.28962465355585,241.21423306030317,999.0
185,1.0,1.0,1.0,1.0,1.0,1.0,71.28962465355585,242.24870215449835,999.0
186,1.0,1.0,1.0,1.0,1.0,1.0,71.28962465355585,243.28323689017353,999.0
187,1.0,1.0,1.0,1.0,1.0,1.0,71.28962465355585,244.31783446997966,999.0
188,1.0,1.0,1.0,1.0,1.0,1.0,71.28962465355585,245.35249217133793,999.0
189,1.0,1.0,1.0,1.0,1.0,1.0,71.28962465355585,246.38720731954908,999.0
190,1.0,1.0,1.0,1.0,1.0,1.0,71.28962465355585,247.42197729454855,999.0
191,1.0,1.0,1.0,1.0,1.0,1.0,71.28962465355585,248.45679950559952,999.0
192,1.0,1.0,1.0,1.0,1.0,1.0,71.28962465355585,249.4916713763963,999.0
193,1.0,1.0,1.0,1.0,1.0,1.0,71.28962465355585,250.52659049274052,999.0
194,1.0,1.0,1.0,1.0,1.0,1.0,71.28962465355585,251.56155439364278,999.0
195,1.0,1.0,1.0,1.0,1.0,1.0,71.28962465355585,252.59656064344745,999.0
196,1.0,1.0,1.0,1.0,1.0,1.0,71.28962465355585,253.63160690814115,999.0
197,1.0,1.0,1.0,1.0,1.0,1.0,71.28962465355585,254.66669088674286,999.0
198,1.0,1.0,1.0,1.0,1.0,1.0,71.28962465355585,255.70181028859835,999.0
199,1.0,1.0,1.0,1.0,1.0,1.0,71.28962465355585,256.7369628900531,999.0
200,1.0,1.0,1.0,1.0,1.0,1.0,71.28962465355585,257.77214649487894,999.0
201,1.0,1.0,1.0,1.0,1.0,1.0,71.28962465355585,258.8073589526817,999.0
202,1.0,1.0,1.0,1.0,1.0,1.0,71.28962465355585,259.8425981570296,999.0
203,1.0,1.0,1.0,1.0,1.0,1.0,71.28962465355585,260.87786201731524,999.0
204,1.0,1.0,1.0,1.0,1.0,1.0,71.28962465355585,261.9131485096779,999.0
205,1.0,1.0,1.0,1.0,1.0,1.0,71.28962465355585,262.9484556053557,999.0
206,1.0,1.0,1.0,1.0,1.0,1.0,71.28962465355585,263.9837813640361,999.0
207,1.0,1.0,1.0,1.0,1.0,1.0,71.28962465355585,265.01912385090645,999.0
208,1.0,1.0,1.0,1.0,1.0,1.0,71.28962465355585,266.05448113717875,999.0
209,1.0,1.0,1.0,1.0,1.0,1.0,71.28962465355585,267.08985138888573,999.0
210,1.0,1.0,1.0,1.0,1.0,1.0,71.28962465355585,268.1252327645148,999.0
211,1.0,1.0,1.0,1.0,1.0,1.0,71.28962465355585,269.16062345529053,999.0
212,1.0,1.0,1.0,1.0,1.0,1.0,71.28962465355585,270.1960217008261,999.0
213,1.0,1.0,1.0,1.0,1.0,1.0,71.28962465355585,271.23142576957025,999.0
214,1.0,1.0,1.0,1.0,1.0,1.0,71.28962465355585,272.26683394705975,999.0
215,1.0,1.0,1.0,1.0,1.0,1.0,71.28962465355585,273.3022445528866,999.0
216,1.0,1.0,1.0,1.0,1.0,1.0,71.28962465355585,274.33765594336273,999.0
217,1.0,1.0,1.0,1.0,1.0,1.0,71.28962465355585,275.3730664964634,999.0
218,1.0,1.0,1.0,1.0,1.0,1.0,71.28962465355585,276.40847465445506,999.0
219,1.0,1.0,1.0,1.0,1.0,1.0,71.28962465355585,277.4438788143995,999.0
220,1.0,1.0,1.0,1.0,1.0,1.0,71.28962465355585,278.47927746271864,999.0
221,1.0,1.0,1.0,1.0,1.0,1.0,71.28962465355585,279.5146690976042,999.0
222,1.0,1.0,1.0,1.0,1.0,1.0,71.28962465355585,280.5500522199775,999.0
223,1.0,1.0,1.0,1.0,1.0,1.0,71.28962465355585,281.5854253990499,999.0
224,1.0,1.0,1.0,1.0,1.0,1.0,71.28962465355585,282.62078720000716,999.0
225,1.0,1.0,1.0,1.0,1.0,1.0,71.28962465355585,283.65613620890707,999.0
226,1.0,1.0,1.0,1.0,1.0,1.0,71.28962465355585,284.6914710636561,999.0
227,1.0,1.0,1.0,1.0,1.0,1.0,71.28962465355585,285.72679039243025,999.0
228,1.0,1.0,1.0,1.0,1.0,1.0,71.28962465355585,286.7620928998962,999.0
229,1.0,1.0,1.0,1.0,1.0,1.0,71.28962465355585,287.7973772462716,999.0
230,1.0,1.0,1.0,1.0,1.0,1.0,71.28962465355585,288.83264216596285,999.0
231,1.0,1.0,1.0,1.0,1.0,1.0,71.28962465355585,289.86788640340103,999.0
232,1.0,1.0,1.0,1.0,1.0,1.0,71.28962465355585,290.90310867682524,999.0
233,1.0,1.0,1.0,1.0,1.0,1.0,71.28962465355585,291.9383078839138,999.0
234,1.0,1.0,1.0,1.0,1.0,1.0,71.28962465355585,292.9734827303242,999.0
235,1.0,1.0,1.0,1.0,1.0,1.0,71.28962465355585,294.0086320705921,999.0
236,1.0,1.0,1.0,1.0,1.0,1.0,71.28962465355585,295.0437547595379,999.0
237,1.0,1.0,1.0,1.0,1.0,1.0,71.28962465355585,296.07884967683265,999.0
238,1.0,1.0,1.0,1.0,1.0,1.0,71.28962465355585,297.11391570116746,999.0
239,1.0,1.0,1.0,1.0,1.0,1.0,71.28962465355585,298.1489517586325,999.0
240,1.0,1.0,1.0,1.0,1.0,1.0,71.28962465355585,299.18395677739454,999.0
241,1.0,1.0,1.0,1.0,1.0,1.0,71.28962465355585,300.21892970090653,999.0
242,1.0,1.0,1.0,1.0,1.0,1.0,71.28962465355585,301.2538695102555,999.0
243,1.0,1.0,1.0,1.0,1.0,1.0,71.28962465355585,302.2887751887654,999.0
244,1.0,1.0,1.0,1.0,1.0,1.0,71.28962465355585,303.32364574856393,999.0
245,1.0,1.0,1.0,1.0,1.0,1.0,71.28962465355585,304.35848021667925,999.0
246,1.0,1.0,1.0,1.0,1.0,1.0,71.28962465355585,305.3932776514647,999.0
247,1.0,1.0,1.0,1.0,1.0,1.0,71.28962465355585,306.4280370920966,999.0
248,1.0,1.0,1.0,1.0,1.0,1.0,71.28962465355585,307.4627576386171,999.0
249,1.0,1.0,1.0,1.0,1.0,1.0,71.28962465355585,308.49743838005173,999.0
250,1.0,1.0,1.0,1.0,1.0,1.0,71.28962465355585,309.53207844202257,999.0
251,1.0,1.0,1.0,1.0,1.0,1.0,71.28962465355585,310.56667694124434,999.0
252,1.0,1.0,1.0,1.0,1.0,1.0,71.28962465355585,311.6012330356421,999.0
253,1.0,1.0,1.0,1.0,1.0,1.0,71.28962465355585,312.63574590677683,999.0
254,1.0,1.0,1.0,1.0,1.0,1.0,71.28962465355585,313.6702147066881,999.0
255,1.0,1.0,1.0,1.0,1.0,1.0,71.28962465355585,314.70463865650447,999.0
256,1.0,1.0,1.0,1.0,1.0,1.0,71.28962465355585,315.7390169612663,999.0
257,1.0,1.0,1.0,1.0,1.0,1.0,71.28962465355585,316.7733488435915,999.0
258,1.0,1.0,1.0,1.0,1.0,1.0,71.28962465355585,317.8076335746218,999.0
259,1.0,1.0,1.0,1.0,1.0,1.0,71.28962465355585,318.84187037680096,999.0
260,1.0,1.0,1.0,1.0,1.0,1.0,71.28962465355585,319.8760585469673,999.0
261,1.0,1.0,1.0,1.0,1.0,1.0,71.28962465355585,320.9101973692517,999.0
262,1.0,1.0,1.0,1.0,1.0,1.0,71.28962465355585,321.9442861511312,999.0
263,1.0,1.0,1.0,1.0,1.0,1.0,71.28962465355585,322.9783242144233,999.0
264,1.0,1.0,1.0,1.0,1.0,1.0,71.28962465355585,324.01231086348395,999.0
265,1.0,1.0,1.0,1.0,1.0,1.0,71.28962465355585,325.0462454689301,999.0
266,1.0,1.0,1.0,1.0,1.0,1.0,71.28962465355585,326.0801273912015,999.0
267,1.0,1.0,1.0,1.0,1.0,1.0,71.28962465355585,327.11395599866125,999.0
268,1.0,1.0,1.0,1.0,1.0,1.0,71.28962465355585,328.1477306751216,999.0
269,1.0,1.0,1.0,1.0,1.0,1.0,71.28962465355585,329.18145081944556,999.0
270,1.0,1.0,1.0,1.0,1.0,1.0,71.28962465355585,330.21511584160885,999.0
271,1.0,1.0,1.0,1.0,1.0,1.0,71.28962465355585,331.24872517190175,999.0
272,1.0,1.0,1.0,1.0,1.0,1.0,71.28962465355585,332.28227824701065,999.0
273,1.0,1.0,1.0,1.0,1.0,1.0,71.28962465355585,333.3157745200969,999.0
274,1.0,1.0,1.0,1.0,1.0,1.0,71.28962465355585,334.34921343907,999.0
275,1.0,1.0,1.0,1.0,1.0,1.0,71.28962465355585,335.3825945014488,999.0
276,1.0,1.0,1.0,1.0,1.0,1.0,71.28962465355585,336.41591716292083,999.0
277,1.0,1.0,1.0,1.0,1.0,1.0,71.28962465355585,337.4491809637662,999.0
278,1.0,1.0,1.0,1.0,1.0,1.0,71.28962465355585,338.4823853837477,999.0
279,1.0,1.0,1.0,1.0,1.0,1.0,71.28962465355585,339.515529940753,999.0
280,1.0,1.0,1.0,1.0,1.0,1.0,71.28962465355585,340.5486141866888,999.0
281,1.0,1.0,1.0,1.0,1.0,1.0,71.28962465355585,341.58163764467315,999.0
282,1.0,1.0,1.0,1.0,1.0,1.0,71.28962465355585,342.6145998905178,999.0
283,1.0,1.0,1.0,1.0,1.0,1.0,71.28962465355585,343.64750047195287,999.0
284,1.0,1.0,1.0,1.0,1.0,1.0,71.28962465355585,344.68033898693443,999.0
285,1.0,1.0,1.0,1.0,1.0,1.0,71.28962465355585,345.7131149950939,999.0
286,1.0,1.0,1.0,1.0,1.0,1.0,71.28962465355585,346.745828119327,999.0
287,1.0,1.0,1.0,1.0,1.0,1.0,71.28962465355585,347.7784779598316,999.0
288,1.0,1.0,1.0,1.0,1.0,1.0,71.28962465355585,348.81106410784184,999.0
289,1.0,1.0,1.0,1.0,1.0,1.0,71.28962465355585,349.84358624191617,999.0
290,1.0,1.0,1.0,1.0,1.0,1.0,71.28962465355585,350.8760439644212,999.0
291,1.0,1.0,1.0,1.0,1.0,1.0,71.28962465355585,351.9084369288537,999.0
292,1.0,1.0,1.0,1.0,1.0,1.0,71.28962465355585,352.9407648059232,999.0
293,1.0,1.0,1.0,1.0,1.0,1.0,71.28962465355585,353.97302724131373,999.0
294,1.0,1.0,1.0,1.0,1.0,1.0,71.28962465355585,355.0052239452434,999.0
295,1.0,1.0,1.0,1.0,1.0,1.0,71.28962465355585,356.03735455638946,999.0
296,1.0,1.0,1.0,1.0,1.0,1.0,71.28962465355585,357.06941881676863,999.0
297,1.0,1.0,1.0,1.0,1.0,1.0,71.28962465355585,358.1014164101392,999.0
298,1.0,1.0,1.0,1.0,1.0,1.0,71.28962465355585,359.13334704139703,999.0
299,1.0,1.0,1.0,1.0,1.0,1.0,71.28962465355585,360.16521044241176,999.0
300,1.0,1.0,1.0,1.0,1.0,1.0,71.28962465355585,361.197006344742,999.0
301,1.0,1.0,1.0,1.0,1.0,1.0,71.28962465355585,362.2287344881038,999.0
302,1.0,1.0,1.0,1.0,1.0,1.0,71.28962465355585,363.26039462017724,999.0
303,1.0,1.0,1.0,1.0,1.0,1.0,71.28962465355585,364.29198650461547,999.0
304,1.0,1.0,1.0,1.0,1.0,1.0,71.28962465355585,365.3235098973272,999.0
305,1.0,1.0,1.0,1.0,1.0,1.0,71.28962465355585,366.35496456481934,999.0
306,1.0,1.0,1.0,1.0,1.0,1.0,71.28962465355585,367.38635029804664,999.0
307,1.0,1.0,1.0,1.0,1.0,1.0,71.28962465355585,368.41766689479516,999.0
308,1.0,1.0,1.0,1.0,1.0,1.0,71.28962465355585,369.4489141307427,999.0
309,1.0,1.0,1.0,1.0,1.0,1.0,71.28962465355585,370.48009182889035,999.0
310,1.0,1.0,1.0,1.0,1.0,1.0,71.28962465355585,371.51119979422504,999.0
311,1.0,1.0,1.0,1.0,1.0,1.0,71.28962465355585,372.5422378417487,999.0
312,1.0,1.0,1.0,1.0,1.0,1.0,71.28962465355585,373.5732058069093,999.0
313,1.0,1.0,1.0,1.0,1.0,1.0,71.28962465355585,374.6041035384602,999.0
314,1.0,1.0,1.0,1.0,1.0,1.0,71.28962465355585,375.63493085214833,999.0
315,1.0,1.0,1.0,1.0,1.0,1.0,71.28962465355585,376.66568762137365,999.0
316,1.0,1.0,1.0,1.0,1.0,1.0,71.28962465355585,377.69637367738443,999.0
317,1.0,1.0,1.0,1.0,1.0,1.0,71.28962465355585,378.7269889110179,999.0
318,1.0,1.0,1.0,1.0,1.0,1.0,71.28962465355585,379.7575331806255,999.0
319,1.0,1.0,1.0,1.0,1.0,1.0,71.28962465355585,380.788006364923,999.0
320,1.0,1.0,1.0,1.0,1.0,1.0,71.28962465355585,381.8184083424471,999.0
321,1.0,1.0,1.0,1.0,1.0,1.0,71.28962465355585,382.8487390199165,999.0
322,1.0,1.0,1.0,1.0,1.0,1.0,71.28962465355585,383.8789982697275,999.0
323,1.0,1.0,1.0,1.0,1.0,1.0,71.28962465355585,384.90918603054104,999.0
324,1.0,1.0,1.0,1.0,1.0,1.0,71.28962465355585,385.9393021984826,999.0
325,1.0,1.0,1.0,1.0,1.0,1.0,71.28962465355585,386.96934668321654,999.0
326,1.0,1.0,1.0,1.0,1.0,1.0,71.28962465355585,387.99931940050897,999.0
327,1.0,1.0,1.0,1.0,1.0,1.0,71.28962465355585,389.02922029526513,999.0
328,1.0,1.0,1.0,1.0,1.0,1.0,71.28962465355585,390.05904932161025,999.0
329,1.0,1.0,1.0,1.0,1.0,1.0,71.28962465355585,391.0888063889974,999.0
330,1.0,1.0,1.0,1.0,1.0,1.0,71.28962465355585,392.11849145914397,999.0
331,1.0,1.0,1.0,1.0,1.0,1.0,71.28962465355585,393.148104480381,999.0
332,1.0,1.0,1.0,1.0,1.0,1.0,71.28962465355585,394.1776454122362,999.0
333,1.0,1.0,1.0,1.0,1.0,1.0,71.28962465355585,395.20711423665625,999.0
334,1.0,1.0,1.0,1.0,1.0,1.0,71.28962465355585,396.2365109177679,999.0
335,1.0,1.0,1.0,1.0,1.0,1.0,71.28962465355585,397.26583540168065,999.0
336,1.0,1.0,1.0,1.0,1.0,1.0,71.28962465355585,398.29508773635007,999.0
337,1.0,1.0,1.0,1.0,1.0,1.0,71.28962465355585,399.3242678555101,999.0
338,1.0,1.0,1.0,1.0,1.0,1.0,71.28962465355585,400.3533757588685,999.0
339,1.0,1.0,1.0,1.0,1.0,1.0,71.28962465355585,401.3824114590499,999.0
340,1.0,1.0,1.0,1.0,1.0,1.0,71.28962465355585,402.4113749524177,999.0
341,1.0,1.0,1.0,1.0,1.0,1.0,71.28962465355585,403.4402662402223,999.0
342,1.0,1.0,1.0,1.0,1.0,1.0,71.28962465355585,404.46908536660254,999.0
343,1.0,1.0,1.0,1.0,1.0,1.0,71.28962465355585,405.49783231367576,999.0
344,1.0,1.0,1.0,1.0,1.0,1.0,71.28962465355585,406.52650711388776,999.0
345,1.0,1.0,1.0,1.0,1.0,1.0,71.28962465355585,407.5551098317509,999.0
346,1.0,1.0,1.0,1.0,1.0,1.0,71.28962465355585,408.58364046525315,999.0
347,1.0,1.0,1.0,1.0,1.0,1.0,71.28962465355585,409.6120990566975,999.0
348,1.0,1.0,1.0,1.0,1.0,1.0,71.28962465355585,410.6404856278402,999.0
349,1.0,1.0,1.0,1.0,1.0,1.0,71.28962465355585,411.66880030433305,999.0
350,1.0,1.0,1.0,1.0,1.0,1.0,71.28962465355585,412.69704306323547,999.0
351,1.0,1.0,1.0,1.0,1.0,1.0,71.28962465355585,413.7252139816497,999.0
352,1.0,1.0,1.0,1.0,1.0,1.0,71.28962465355585,414.7533131332142,999.0
353,1.0,1.0,1.0,1.0,1.0,1.0,71.28962465355585,415.7813405681333,999.0
354,1.0,1.0,1.0,1.0,1.0,1.0,71.28962465355585,416.80929638196227,999.0
355,1.0,1.0,1.0,1.0,1.0,1.0,71.28962465355585,417.8371806103189,999.0
356,1.0,1.0,1.0,1.0,1.0,1.0,71.28962465355585,418.86499337627197,999.0
357,1.0,1.0,1.0,1.0,1.0,1.0,71.28962465355585,419.8927347165139,999.0
358,1.0,1.0,1.0,1.0,1.0,1.0,71.28962465355585,420.9204047629178,999.0
359,1.0,1.0,1.0,1.0,1.0,1.0,71.28962465355585,421.9480035820818,999.0
360,1.0,1.0,1.0,1.0,1.0,1.0,71.28962465355585,422.975531283586,999.0
361,1.0,1.0,1.0,1.0,1.0,1.0,71.28962465355585,424.0029879433723,999.0
362,1.0,1.0,1.0,1.0,1.0,1.0,71.28962465355585,425.03037368425214,999.0
363,1.0,1.0,1.0,1.0,1.0,1.0,71.28962465355585,426.0576886140838,999.0
364,1.0,1.0,1.0,1.0,1.0,1.0,71.28962465355585,427.0849328280971,999.0
365,1.0,1.0,1.0,1.0,1.0,1.0,71.28962465355585,428.11210646555577,999.0
366,1.0,1.0,1.0,1.0,1.0,1.0,71.28962465355585,429.13920961357985,999.0
367,1.0,1.0,1.0,1.0,1.0,1.0,71.28962465355585,430.16624241688453,999.0
368,1.0,1.0,1.0,1.0,1.0,1.0,71.28962465355585,431.1932049915438,999.0
369,1.0,1.0,1.0,1.0,1.0,1.0,71.28962465355585,432.22009747554176,999.0
370,1.0,1.0,1.0,1.0,1.0,1.0,71.28962465355585,433.24691996586984,999.0
371,1.0,1.0,1.0,1.0,1.0,1.0,71.28962465355585,434.27367267161856,999.0
372,1.0,1.0,1.0,1.0,1.0,1.0,71.28962465355585,435.3003556788989,999.0
373,1.0,1.0,1.0,1.0,1.0,1.0,71.28962465355585,436.3269691179004,999.0
374,1.0,1.0,1.0,1.0,1.0,1.0,71.28962465355585,437.3535131726727,999.0
375,1.0,1.0,1.0,1.0,1.0,1.0,71.28962465355585,438.3799879729662,999.0
376,1.0,1.0,1.0,1.0,1.0,1.0,71.28962465355585,439.4063936704741,999.0
377,1.0,1.0,1.0,1.0,1.0,1.0,71.28962465355585,440.43273043382237,999.0
378,1.0,1.0,1.0,1.0,1.0,1.0,71.28962465355585,441.4589984051224,999.0
379,1.0,1.0,1.0,1.0,1.0,1.0,71.28962465355585,442.4851977460863,999.0
380,1.0,1.0,1.0,1.0,1.0,1.0,71.28962465355585,443.5113286345093,999.0
381,1.0,1.0,1.0,1.0,1.0,1.0,71.28962465355585,444.5373912431651,999.0
382,1.0,1.0,1.0,1.0,1.0,1.0,71.28962465355585,445.56338572283505,999.0
383,1.0,1.0,1.0,1.0,1.0,1.0,71.28962465355585,446.5893122509367,999.0
384,1.0,1.0,1.0,1.0,1.0,1.0,71.28962465355585,447.6151710073289,999.0
385,1.0,1.0,1.0,1.0,1.0,1.0,71.28962465355585,448.64096217320275,999.0
386,1.0,1.0,1.0,1.0,1.0,1.0,71.28962465355585,449.666685940047,999.0
387,1.0,1.0,1.0,1.0,1.0,1.0,71.28962465355585,450.69234246335463,999.0
388,1.0,1.0,1.0,1.0,1.0,1.0,71.28962465355585,451.7179319591777,999.0
389,1.0,1.0,1.0,1.0,1.0,1.0,71.28962465355585,452.74345461311475,999.0
390,1.0,1.0,1.0,1.0,1.0,1.0,71.28962465355585,453.7689105951921,999.0
391,1.0,1.0,1.0,1.0,1.0,1.0,71.28962465355585,454.79430011504144,999.0
392,1.0,1.0,1.0,1.0,1.0,1.0,71.28962465355585,455.81962338215556,999.0
393,1.0,1.0,1.0,1.0,1.0,1.0,71.28962465355585,456.84488057595206,999.0
394,1.0,1.0,1.0,1.0,1.0,1.0,71.28962465355585,457.87007190642754,999.0
395,1.0,1.0,1.0,1.0,1.0,1.0,71.28962465355585,458.89519757496515,999.0
396,1.0,1.0,1.0,1.0,1.0,1.0,71.28962465355585,459.9202578028671,999.0
397,1.0,1.0,1.0,1.0,1.0,1.0,71.28962465355585,460.94525277949487,999.0
398,1.0,1.0,1.0,1.0,1.0,1.0,71.28962465355585,461.97018272451544,999.0
399,1.0,1.0,1.0,1.0,1.0,1.0,71.28962465355585,462.9950478402907,999.0
400,1.0,1.0,1.0,1.0,1.0,1.0,71.28962465355585,464.01984837118334,999.0
401,1.0,1.0,1.0,1.0,429.49825486510167,999.0,71.28962465355585,465.0445845165035,999.0
402,1.0,1.0,1.0,1.0,430.5859583944006,999.0,71.28962465355585,466.0692564898352,999.0
403,1.0,1.0,1.0,1.0,431.67359563306013,999.0,71.28962465355585,467.09386452155866,999.0
404,1.0,1.0,1.0,1.0,432.761166659962,999.0,71.28962465355585,468.1184088323107,999.0
405,1.0,1.0,1.0,1.0,433.84867159662525,999.0,71.28962465355585,469.1428896522109,999.0
406,1.0,1.0,1.0,1.0,434.93611051883033,999.0,71.28962465355585,470.16730720953615,999.0
407,1.0,1.0,1.0,1.0,436.02348352463434,999.0,71.28962465355585,471.1916617263408,999.0
408,1.0,1.0,1.0,1.0,437.11079073724017,999.0,71.28962465355585,472.2159534376342,999.0
409,1.0,1.0,1.0,1.0,438.1980322540462,999.0,71.28962465355585,473.2401825745103,999.0
410,1.0,1.0,1.0,1.0,439.2852081515392,999.0,71.28962465355585,474.26434938666716,999.0
411,1.0,1.0,1.0,1.0,440.3723185529803,999.0,71.28962465355585,475.28845409629605,999.0
412,1.0,1.0,1.0,14.606674720936581,441.4593635636866,999.0,71.28962465355585,476.3124969470188,999.0
413,1.0,1.0,1.0,14.716075172732015,442.54634327703286,999.0,71.28962465355585,477.3364781733895,999.0
414,1.0,1.0,1.0,14.825236801829648,443.6332578137392,999.0,71.28962465355585,478.360398035021,999.0
415,1.0,1.0,1.0,14.934165489286803,444.72010726253643,999.0,71.28962465355585,479.38425675832286,999.0
416,1.0,1.0,1.0,15.042866899237536,445.8068917326206,999.0,71.28962465355585,480.4080545940805,999.0
417,1.0,1.0,1.0,15.151346489685821,446.8936113601258,999.0,71.28962465355585,481.4317917802517,999.0
418,1.0,1.0,1.0,15.259609522582014,447.98026622619574,999.0,71.28962465355585,482.455468589059,999.0
419,1.0,1.0,1.0,15.3676610732485,449.06685643271516,999.0,71.28962465355585,483.4790852527685,999.0
420,1.0,1.0,1.0,15.4755060393689,450.1533821179016,999.0,71.28962465355585,484.50264202389104,999.0
421,1.0,1.0,1.0,15.58314914922952,451.23984338152496,999.0,71.28962465355585,485.526139165756,999.0
422,1.0,1.0,1.0,15.69059496968899,452.3262403341892,999.0,71.28962465355585,486.5495769130319,999.0
423,1.0,1.0,1.0,15.797847913518138,453.4125730807285,999.0,71.28962465355585,487.57295554268,999.0
424,1.0,1.0,1.0,15.90491224641428,454.49884175114346,999.0,71.28962465355585,488.59627530495317,999.0
425,1.0,1.0,1.0,16.01179209362531,455.58504645157115,999.0,71.28962465355585,489.6195364510968,999.0
426,1.0,1.0,1.0,16.118491446074046,456.67118729850864,999.0,71.28962465355585,490.6427392413867,999.0
427,1.0,1.0,1.0,16.225014166296425,457.75726440132877,999.0,71.28962465355585,491.66588395124336,999.0
428,1.0,1.0,1.0,16.33136399400283,458.8432778960241,999.0,71.28962465355585,492.6889708251273,999.0
429,1.0,1.0,1.0,16.437544551279142,459.9292278805107,999.0,71.28962465355585,493.71200014720716,999.0
430,1.0,1.0,1.0,16.54355934755082,461.0151144730404,999.0,71.28962465355585,494.7349721640982,999.0
431,1.0,1.0,1.0,16.649411784390114,462.10093782151955,999.0,71.28962465355585,495.75788714445036,999.0
432,1.0,1.0,1.0,16.755105159814143,463.1866980291007,999.0,71.28962465355585,496.78074536797453,999.0
433,1.0,1.0,1.0,16.860642672650588,464.27239521113177,999.0,71.28962465355585,497.8035470805032,999.0
434,1.0,1.0,1.0,16.966027426435648,465.3580294849234,999.0,71.28962465355585,498.8262925690441,999.0
435,1.0,1.0,1.0,17.071262433357482,466.4436009945415,999.0,71.28962465355585,499.84898209616966,999.0
436,1.0,1.0,1.0,17.176350617757663,467.5291098495025,999.0,71.28962465355585,500.87161594054385,999.0
437,1.0,1.0,1.0,17.281294819566806,468.61455617883604,999.0,71.28962465355585,501.89419436596387,999.0
438,1.0,1.0,1.0,17.386097797690805,469.69994010078545,999.0,71.28962465355585,502.9167176437078,999.0
439,1.0,1.0,1.0,17.49076223298605,470.78526174533266,999.0,71.28962465355585,503.9391860698847,999.0
440,1.0,1.0,1.0,17.595290731282,471.8705212535451,999.0,71.28962465355585,504.9615998949535,999.0
441,1.0,1.0,1.0,17.69968582619059,472.9557187280163,999.0,71.28962465355585,505.9839594054431,999.0
442,1.0,1.0,1.0,17.80394998185993,474.04085431409,999.0,71.28962465355585,507.0062648745695,999.0
443,1.0,1.0,1.0,17.908085595375454,475.1259281381236,999.0,71.28962465355585,508.02851658352165,999.0
444,1.0,1.0,1.0,18.012094999359203,476.21094033055476,999.0,71.28962465355585,509.05071480572707,999.0
445,1.0,1.0,1.0,18.11598046426909,477.2958910195895,999.0,71.28962465355585,510.07285981702773,999.0
446,1.0,1.0,1.0,18.219744200492375,478.380780336037,999.0,71.28962465355585,511.09495192390006,999.0
447,1.0,1.0,1.0,18.323388360729428,479.4656084144494,999.0,71.28962465355585,512.1169913713649,999.0
448,1.0,1.0,1.0,18.42691504171981,480.5503753932024,999.0,71.28962465355585,513.1389784503547,999.0
449,1.0,1.0,1.0,18.53032628645874,481.63508139120836,999.0,71.28962465355585,514.1609134577984,999.0
450,1.0,1.0,1.0,18.633624085871116,482.7197265625836,999.0,71.28962465355585,515.1827966841573,999.0
451,1.0,1.0,1.0,18.736810380667148,483.8043110244344,999.0,71.28962465355585,516.2046283852358,999.0
452,1.0,1.0,1.0,18.839887063031675,484.88883493302217,999.0,71.28962465355585,517.2264088457135,999.0
453,1.0,1.0,1.0,18.94285597824477,485.97329837867926,999.0,71.28962465355585,518.2481383775404,999.0
454,1.0,1.0,1.0,19.045718926236788,487.05770159667685,999.0,71.28962465355585,519.2698172411107,999.0
455,1.0,1.0,1.0,19.14847766310895,488.14204462805526,999.0,71.28962465355585,520.291445737578,999.0
456,1.0,1.0,1.0,19.251133902569144,489.22632765139116,999.0,71.28962465355585,521.3130241381797,999.0
457,1.0,1.0,1.0,19.353689317229826,490.31055080046434,999.0,71.28962465355585,522.3345527520837,999.0
458,1.0,1.0,1.0,19.456145540051452,491.3947142206039,999.0,71.28962465355585,523.3560318457326,999.0
459,1.0,1.0,1.0,19.558504165532412,492.47881805458525,999.0,71.28962465355585,524.3774617164921,999.0
460,1.0,1.0,1.0,19.66076675086246,493.562862438255,999.0,71.28962465355585,525.3988426582607,999.0
461,1.0,1.0,1.0,19.762934817270864,494.6468475104982,999.0,71.28962465355585,526.4201749389197,999.0
462,1.0,1.0,1.0,19.86500985099454,495.730773424708,999.0,71.28962465355585,527.4414588750361,999.0
463,1.0,1.0,1.0,19.966993304366913,496.81464033547707,999.0,71.28962465355585,528.462694741309,999.0
464,1.0,1.0,1.0,20.068886596928834,497.89844836235966,999.0,71.28962465355585,529.483882821993,999.0
465,1.0,1.0,1.0,20.170691116378535,498.9821976578943,999.0,71.28962465355585,530.5050234160581,999.0
466,1.0,1.0,1.0,20.272408219521722,500.0658883938728,999.0,71.28962465355585,531.5261168141786,999.0
467,1.0,1.0,1.0,20.37403923326015,501.14952068251966,999.0,71.28962465355585,532.5471633082275,999.0
468,1.0,1.0,1.0,20.475585455332315,502.2330946962399,999.0,71.28962465355585,533.5681631895403,999.0
469,1.0,1.0,1.0,20.577048155332655,503.316610573547,999.0,71.28962465355585,534.5891167372931,999.0
470,1.0,1.0,1.0,20.678428575477497,504.4000684501018,999.0,71.28962465355585,535.610024252835,999.0
471,1.0,1.0,1.0,20.77972793135411,505.48346850388356,999.0,71.28962465355585,536.6308860529487,999.0
472,1.0,1.0,1.0,20.880947412766975,506.56681087072866,999.0,71.28962465355585,537.6517023902908,999.0
473,1.0,1.0,1.0,20.98208818429552,507.6500957037911,999.0,71.28962465355585,538.672473568391,999.0
474,1.0,1.0,1.0,21.08315138630338,508.73332316054586,999.0,71.28962465355585,539.6931998798993,999.0
475,1.0,1.0,1.0,21.184138135393056,509.8164933821556,999.0,71.28962465355585,540.713881638667,999.0
476,1.0,1.0,1.0,21.285049525069216,510.89960652133766,999.0,71.28962465355585,541.7345191056636,999.0
477,1.0,1.0,1.0,21.385886626539786,511.9826627518567,999.0,71.28962465355585,542.7551125995262,999.0
478,1.0,1.0,1.0,21.486650489185017,513.0656622085475,999.0,71.28962465355585,543.7756623923391,999.0
479,1.0,1.0,1.0,21.587342141182813,514.1486050483967,999.0,71.28962465355585,544.7961687920924,999.0
480,1.0,1.0,1.0,21.687962590107468,515.2314914432418,999.0,71.28962465355585,545.8166320952662,999.0
481,1.0,1.0,1.0,21.788512823501,516.3143215276156,999.0,71.28962465355585,546.8370525747424,999.0
482,1.0,1.0,1.0,21.888993809354776,517.3970954845115,999.0,71.28962465355585,547.857430542798,999.0
483,1.0,1.0,1.0,21.989406496707414,518.4798134504892,999.0,71.28962465355585,548.8777662932392,999.0
484,1.0,1.0,1.0,22.08975181604173,519.5624755911182,999.0,71.28962465355585,549.8980601040322,999.0
485,1.0,1.0,1.0,22.190030679858182,520.6450820720196,999.0,71.28962465355585,550.91831227619,999.0
486,1.0,1.0,1.0,22.290243983126814,521.7276330381221,999.0,71.28962465355585,551.9385231175274,999.0
487,1.0,1.0,1.0,22.390392603673913,522.8101286627918,999.0,71.28962465355585,552.9586929018413,999.0
488,1.0,1.0,1.0,22.490477402719097,523.8925691083305,999.0,71.28962465355585,553.978821931566,999.0
489,1.0,1.0,1.0,22.59049922515841,524.9749545261276,999.0,71.28962465355585,554.9989104951195,999.0
490,1.0,1.0,1.0,22.69045890024996,526.0572850846823,999.0,71.28962465355585,556.01895889208,999.0
491,1.0,1.0,1.0,22.79035724166406,527.1395609526617,999.0,71.28962465355585,557.0389674094611,999.0
492,1.0,1.0,1.0,22.890195048217382,528.2217822864745,999.0,71.28962465355585,558.0589363380446,999.0
493,1.0,1.0,1.0,22.98997310380095,529.3039492479256,999.0,71.28962465355585,559.0788659843593,999.0
494,1.0,1.0,1.0,23.089692178285972,530.3860620021616,999.0,71.28962465355585,560.0987566250668,999.0
495,1.0,1.0,1.0,23.189353027367748,531.468120723468,999.0,71.28962465355585,561.1186085551188,999.0
496,1.0,1.0,1.0,23.288956393310304,532.5501255757871,999.0,71.28962465355585,562.1384220804878,999.0
497,1.0,1.0,1.0,23.388503004977164,533.6320767207606,999.0,71.28962465355585,563.1581974743784,999.0
498,1.0,1.0,1.0,23.48799357838049,534.713974322765,999.0,71.28962465355585,564.1779350474003,999.0
499,1.0,1.0,1.0,23.58742881678704,535.7958185638357,999.0,71.28962465355585,565.1976350746272,999.0
500,1.0,1.0,1.0,23.686809411224857,536.877609597351,999.0,71.28962465355585,566.2172978583617,999.0
501,1.0,1.0,1.0,23.78613604061476,537.9593475909164,999.0,71.28962465355585,567.2369236806977,999.0
502,1.0,1.0,1.0,23.88540937195796,539.0410327307055,999.0,71.28962465355585,568.256512842665,999.0
503,1.0,1.0,1.0,23.98463006105966,540.1226651744965,999.0,71.28962465355585,569.2760656318562,999.0
504,1.0,1.0,1.0,24.08379875221489,541.2042451014113,999.0,71.28962465355585,570.2955823380432,999.0
505,1.0,1.0,1.0,24.182916079075852,542.2857726676268,999.0,71.28962465355585,571.3150632493519,999.0
506,1.0,1.0,1.0,24.281982664151386,543.3672480627528,999.0,71.28962465355585,572.3345086548595,999.0
507,1.0,1.0,1.0,24.38099911979633,544.4486714346307,999.0,71.28962465355585,573.353918843595,999.0
508,1.0,1.0,1.0,24.47996604787585,545.5300429928541,999.0,71.28962465355585,574.3732941129805,999.0
509,1.0,1.0,1.0,24.578884040872502,546.6113628800039,999.0,71.28962465355585,575.392634745709,999.0
510,1.0,1.0,1.0,24.677753680495396,547.6926312733943,999.0,71.28962465355585,576.4119410190732,999.0
511,1.0,1.0,1.0,24.776575539493653,548.7738483659956,999.0,71.28962465355585,577.4312132430196,999.0
512,1.0,1.0,1.0,24.875350181491342,549.8550143194309,999.0,71.28962465355585,578.4504516918254,999.0
513,1.0,1.0,1.0,24.974078160407736,550.9361293134888,999.0,71.28962465355585,579.4696566562648,999.0
514,1.0,1.0,1.0,25.07276002152776,552.0171935220103,999.0,71.28962465355585,580.4888284202192,999.0
515,1.0,1.0,1.0,25.171396301271606,553.0982071112659,999.0,71.28962465355585,581.5079672700645,999.0
516,1.0,1.0,1.0,25.26998752819598,554.179170278843,999.0,71.28962465355585,582.5270734944654,999.0
517,1.0,1.0,1.0,25.36853422066548,555.2600831877506,999.0,71.28962465355585,583.546147382953,999.0
518,1.0,1.0,1.0,25.46703689087049,556.340946024797,999.0,71.28962465355585,584.5651892169781,999.0
519,1.0,1.0,1.0,25.565496042336708,557.4217589641235,999.0,71.28962465355585,585.5841992720633,999.0
520,1.0,1.0,1.0,25.663912169547338,558.5025221823742,999.0,71.28962465355585,586.6031778456622,999.0
521,1.0,1.0,1.0,25.76228576183286,559.5832358662547,999.0,71.28962465355585,587.6221252114328,999.0
522,1.0,1.0,1.0,25.86061729938181,560.66390018683,999.0,71.28962465355585,588.6410416680338,999.0
523,1.0,1.0,1.0,25.95890725301696,561.7445153326435,999.0,71.28962465355585,589.6599274732135,999.0
524,1.0,1.0,1.0,26.057156089747746,562.8250814817115,999.0,71.28962465355585,590.6787829378686,999.0
525,1.0,1.0,1.0,26.15536426817702,563.9055988206736,999.0,71.28962465355585,591.6976083237836,999.0
526,1.0,1.0,1.0,26.25353224216519,564.9860675185166,999.0,71.28962465355585,592.7164039060124,999.0
527,1.0,1.0,1.0,26.351660451795873,566.0664877651793,999.0,71.28962465355585,593.73516999504,999.0
528,1.0,1.0,1.0,26.449749338939682,567.146859756521,999.0,71.28962465355585,594.7539068443391,999.0
529,1.0,1.0,1.0,26.5477993335392,568.2271836595787,999.0,71.28962465355585,595.7726147385617,999.0
530,1.0,1.0,1.0,26.64581086204822,569.307459651329,999.0,71.28962465355585,596.7912939599524,999.0
531,1.0,1.0,1.0,26.74378434386058,570.3876879495728,999.0,71.28962465355585,597.8099447817496,999.0
532,1.0,1.0,1.0,26.84172019180358,571.4678687094764,999.0,71.28962465355585,598.8285675001788,999.0
533,1.0,1.0,1.0,26.93961881274561,572.5480021196746,999.0,71.28962465355585,599.8471623674907,999.0
534,1.0,1.0,1.0,27.037480607872432,573.6280883693839,999.0,71.28962465355585,600.8657296781273,999.0
535,1.0,1.0,1.0,27.135305972614518,574.7081276512773,999.0,71.28962465355585,601.8842696811296,999.0
536,1.0,1.0,1.0,27.23309529669011,575.7881201436367,999.0,71.28962465355585,602.9027826920599,999.0
537,1.0,1.0,1.0,27.33084896432164,576.8680660389107,999.0,71.28962465355585,603.9212689560543,999.0
538,1.0,1.0,1.0,27.428567354206287,577.9479655168659,999.0,71.28962465355585,604.9397287514852,999.0
539,1.0,1.0,1.0,27.526250839732686,579.0278187719139,999.0,71.28962465355585,605.9581623627968,999.0
540,1.0,1.0,1.0,27.62389978912736,580.1076259977801,999.0,71.28962465355585,606.9765700459046,999.0
541,1.0,1.0,1.0,27.72151456533718,581.1873873751834,999.0,71.28962465355585,607.9949520916443,999.0
542,1.0,1.0,1.0,27.819095526542178,582.2671030914715,999.0,71.28962465355585,609.0133087535158,999.0
543,1.0,1.0,1.0,27.916643025693542,583.3467733364016,999.0,71.28962465355585,610.0316403115015,999.0
544,1.0,1.0,1.0,28.01415741085093,584.4263983084313,999.0,71.28962465355585,611.049947034908,999.0
545,1.0,1.0,1.0,28.111639025925616,585.5059781967819,999.0,71.28962465355585,612.0682291877231,999.0
546,1.0,1.0,1.0,28.209088209484595,586.5855131804501,999.0,71.28962465355585,613.0864870432865,999.0
547,1.0,1.0,1.0,28.306505295753553,587.6650034585557,999.0,71.28962465355585,614.104720866531,999.0
548,1.0,1.0,1.0,28.40389061433738,588.7444492241401,999.0,71.28962465355585,615.1229309334406,999.0
549,1.0,1.0,1.0,28.501244490677834,589.8238506705379,999.0,71.28962465355585,616.1411174994169,999.0
550,1.0,1.0,1.0,28.598567245575104,590.9032079808243,999.0,71.28962465355585,617.1592808281521,999.0
551,1.0,1.0,1.0,28.69585919601236,591.9825213549036,999.0,71.28962465355585,618.1774211936864,999.0
552,1.0,1.0,1.0,28.793120654499525,593.0617909916086,999.0,71.28962465355585,619.1955388524965,999.0
553,1.0,1.0,1.0,28.89035192944483,594.1410170618099,999.0,71.28962465355585,620.2136340706796,999.0
554,1.0,1.0,1.0,28.987553325083972,595.2201997902608,999.0,71.28962465355585,621.231707117047,999.0
555,1.0,1.0,1.0,29.084725141973987,596.2993393462965,999.0,71.28962465355585,622.2497582408549,999.0
556,1.0,1.0,1.0,29.181867676717783,597.3784359380618,999.0,71.28962465355585,623.2677877101855,999.0
557,1.0,1.0,1.0,29.278981221958453,598.4574897546073,999.0,71.28962465355585,624.285795775766,999.0
558,1.0,1.0,1.0,29.376066066855692,599.5365010024567,999.0,71.28962465355585,625.3037827156229,999.0
559,1.0,1.0,1.0,29.473122496684645,600.6154698539284,999.0,71.28962465355585,626.32174876773,999.0
560,1.0,1.0,1.0,29.570150792947647,601.694396525723,999.0,71.28962465355585,627.3396942154598,999.0
561,1.0,1.0,1.0,29.667151234097833,602.7732812013069,999.0,71.28962465355585,628.3576192864662,999.0
562,1.0,1.0,1.0,29.764124094506812,603.8521240862266,999.0,71.28962465355585,629.3755242453445,999.0
563,1.0,1.0,1.0,29.861069645450687,604.9309253737609,999.0,71.28962465355585,630.3934093562312,999.0
564,1.0,1.0,1.0,29.957988154860324,606.0096852632323,999.0,71.28962465355585,631.411274871274,999.0
565,1.0,1.0,1.0,30.0548798870722,607.0884039448374,999.0,71.28962465355585,632.4291210331461,999.0
566,1.0,1.0,1.0,30.151745103406235,608.1670816293032,999.0,71.28962465355585,633.4469481116205,999.0
567,1.0,1.0,1.0,30.24858406188835,609.2457184993898,999.0,71.28962465355585,634.464756342098,999.0
568,1.0,1.0,1.0,30.345397017400632,610.3243147689336,999.0,71.28962465355585,635.4825459875505,999.0
569,1.0,1.0,1.0,30.442184221716882,611.402870625951,999.0,71.28962465355585,636.5003172859688,999.0
570,1.0,1.0,1.0,30.538945923588738,612.4813862734914,999.0,71.28962465355585,637.5180704924401,999.0
571,1.0,1.0,1.0,30.635682368728602,613.5598618990415,999.0,71.28962465355585,638.5358058608468,999.0
572,1.0,1.0,1.0,30.732393799928296,614.6382977246964,999.0,71.28962465355585,639.5535236304408,999.0
573,1.0,1.0,1.0,30.829080457070372,615.7166939420752,999.0,71.28962465355585,640.5712240572366,999.0
574,1.0,1.0,1.0,30.925742577193287,616.7950507502189,999.0,71.28962465355585,641.5889073653585,999.0
575,1.0,1.0,1.0,31.022380394523974,617.8733683468681,999.0,71.28962465355585,642.6065738302593,999.0
576,1.0,1.0,1.0,31.118994140529807,618.9516469312902,999.0,71.28962465355585,643.6242236720137,999.0
577,1.0,1.0,1.0,31.215584043965926,620.0298867063757,999.0,71.28962465355585,644.6418571399086,999.0
578,1.0,1.0,1.0,31.31215033092115,621.1080878792228,999.0,71.28962465355585,645.6594744779088,999.0
579,1.0,1.0,1.0,31.40869322484949,622.1862506509663,999.0,71.28962465355585,646.6770759246785,999.0
580,1.0,1.0,1.0,31.50521294662237,623.2643752109436,999.0,71.28962465355585,647.6946617272225,999.0
581,1.0,1.0,1.0,31.601709714568425,624.3424617769807,999.0,71.28962465355585,648.7122321132259,999.0
582,1.0,1.0,1.0,31.698183744513223,625.4205105476607,999.0,71.28962465355585,649.7297873344362,999.0
583,1.0,1.0,1.0,31.794635249819283,626.4985217146007,999.0,71.28962465355585,650.7473276131526,999.0
584,1.0,1.0,1.0,31.891064441420863,627.5764954950154,999.0,71.28962465355585,651.7648531902998,999.0
585,1.0,1.0,1.0,31.987471527865605,628.6544320776643,999.0,71.28962465355585,652.7823643078041,999.0
586,1.0,1.0,1.0,32.083856715360476,629.7323316947843,999.0,71.28962465355585,653.7998611967905,999.0
587,1.0,1.0,1.0,32.180220207785894,630.8101945153466,999.0,71.28962465355585,654.8173440826025,999.0
588,1.0,1.0,1.0,32.27656220676169,631.88802075615,999.0,71.28962465355585,655.8348132132586,999.0
589,1.0,1.0,1.0,32.37288291165639,632.965810634399,999.0,71.28962465355585,656.8522688143266,999.0
590,1.0,1.0,1.0,32.46918251962782,634.0435643376292,999.0,71.28962465355585,657.869711104679,999.0
591,1.0,1.0,1.0,32.56546122567229,635.1212820764159,999.0,71.28962465355585,658.887140336627,999.0
592,1.0,1.0,1.0,32.661719222642766,636.1989640571378,999.0,71.28962465355585,659.9045567148963,999.0
593,1.0,1.0,1.0,32.757956701288784,637.2766104759751,999.0,71.28962465355585,660.9219604799187,999.0
594,1.0,1.0,1.0,32.85417385027593,638.3542215613917,999.0,71.28962465355585,661.939351853803,999.0
595,1.0,1.0,1.0,32.950370856228744,639.4317974940326,999.0,71.28962465355585,662.9567310711171,999.0
596,1.0,1.0,1.0,33.04654790377347,640.5093384945175,999.0,71.28962465355585,663.9740983408965,999.0
597,1.0,1.0,1.0,33.1427051755301,641.5868447542966,999.0,71.28962465355585,664.9914539055068,999.0
598,1.0,1.0,1.0,33.238842852184774,642.6643165052487,999.0,71.28962465355585,666.0087979677427,999.0
599,1.0,1.0,1.0,33.33496111249786,643.7417539338569,999.0,71.28962465355585,667.0261307663538,999.0
600,1.0,1.0,1.0,33.43106013333391,644.8191572371121,999.0,71.28962465355585,668.0434525081199,999.0
601,1.0,1.0,1.0,33.52714008968039,645.8965266468952,999.0,71.28962465355585,669.06076342499,999.0
602,1.0,1.0,1.0,33.623201154698876,646.9738623609992,999.0,71.28962465355585,670.078063726519,999.0
603,1.0,1.0,1.0,33.719243499735896,648.0511645843713,999.0,71.28962465355585,671.0953536362595,999.0
604,1.0,1.0,1.0,33.81526729435414,649.1284335201856,999.0,71.28962465355585,672.1126333696635,999.0
605,1.0,1.0,1.0,33.91127270633899,650.2056693821811,999.0,71.28962465355585,673.12990313603,999.0
606,1.0,1.0,1.0,34.00725990177492,651.282872378155,999.0,71.28962465355585,674.1471631588091,999.0
607,1.0,1.0,1.0,34.10322904500798,652.360042708354,999.0,71.28962465355585,675.1644136515529,999.0
608,1.0,1.0,1.0,34.19918029871761,653.4371805911579,999.0,71.28962465355585,676.1816548127233,999.0
609,1.0,1.0,1.0,34.295113823909205,654.514286239648,999.0,71.28962465355585,677.1988868661434,999.0
610,1.0,1.0,1.0,34.39102977996927,655.5913598454597,999.0,71.28962465355585,678.2161100214978,999.0
611,1.0,1.0,1.0,34.48692832466053,656.6684016226791,999.0,71.28962465355585,679.2333244909821,999.0
612,1.0,1.0,1.0,34.58280961415966,657.7454117897228,999.0,71.28962465355585,680.2505304708247,999.0
613,1.0,1.0,1.0,34.678673803072286,658.8223905453602,999.0,71.28962465355585,681.2677281849166,999.0
614,1.0,1.0,1.0,34.77452104445889,659.8993381014863,999.0,71.28962465355585,682.284917826483,999.0
615,1.0,1.0,1.0,34.87035148986909,660.9762546716928,999.0,71.28962465355585,683.3020996078542,999.0
616,1.0,1.0,1.0,34.96616528932825,662.0531404576868,999.0,71.28962465355585,684.3192737232089,999.0
617,1.0,1.0,1.0,35.061962591410776,663.1299956790558,999.0,71.28962465355585,685.3364403861696,999.0
618,1.0,1.0,1.0,35.1577435432013,664.2068205354974,999.0,71.28962465355585,686.3535997873065,999.0
619,1.0,1.0,1.0,35.25350829035662,665.2836152433118,999.0,71.28962465355585,687.3707521496209,999.0
620,1.0,1.0,1.0,35.349256977124625,666.3603800145315,999.0,71.28962465355585,688.3878976459391,999.0
621,1.0,1.0,1.0,35.44498974633655,667.4371150465753,999.0,71.28962465355585,689.4050364962658,999.0
622,1.0,1.0,1.0,35.540706739450584,668.5138205659886,999.0,71.28962465355585,690.4221688903217,999.0
623,1.0,1.0,1.0,35.63640809656518,669.5904967756934,999.0,71.28962465355585,691.4392950228436,999.0
624,1.0,1.0,1.0,35.732093956419405,670.6671438847202,999.0,71.28962465355585,692.4564150916253,999.0
625,1.0,1.0,1.0,35.82776445644929,671.7437621095846,999.0,71.28962465355585,693.4735292940194,999.0
626,1.0,1.0,1.0,35.92341973277694,672.8203516527201,999.0,71.28962465355585,694.4906378147472,999.0
627,1.0,1.0,1.0,36.01905992021737,673.8969127312619,999.0,71.28962465355585,695.5077408511678,999.0
628,1.0,1.0,1.0,36.11468515234066,674.9734455537322,999.0,71.28962465355585,696.5248385999365,999.0
629,1.0,1.0,1.0,36.2102955614374,676.0499503442195,999.0,71.28962465355585,697.5419312431912,999.0
630,1.0,1.0,1.0,36.305891278585634,677.1264272868787,999.0,71.28962465355585,698.5590189760782,999.0
631,1.0,1.0,1.0,36.4014724336114,678.2028766193871,999.0,71.28962465355585,699.5761019862017,999.0
632,1.0,1.0,1.0,36.49703915516236,679.2792985398544,999.0,71.28962465355585,700.5931804544805,999.0
633,1.0,1.0,1.0,36.59259157068074,680.3556932633159,999.0,71.28962465355585,701.6102545708467,999.0
634,1.0,1.0,1.0,36.68812980644797,681.4320610015021,999.0,71.28962465355585,702.6273245243336,999.0
635,1.0,1.0,1.0,36.78365398755787,682.5084019622217,999.0,71.28962465355585,703.6443904896579,999.0
636,1.0,1.0,1.0,36.879164238001835,683.5847163721047,999.0,71.28962465355585,704.6614526630555,999.0
637,1.0,1.0,1.0,36.97466068061681,684.6610044267578,999.0,71.28962465355585,705.6785112124817,999.0
638,1.0,1.0,1.0,37.07014343713294,685.737266340541,999.0,71.28962465355585,706.6955663242697,999.0
639,1.0,1.0,1.0,37.16561262818398,686.8135023378368,999.0,71.28962465355585,707.7126181790754,999.0
640,1.0,1.0,1.0,37.261068373309215,687.8897126147865,999.0,71.28962465355585,708.7296669561828,999.0
641,1.0,1.0,1.0,37.35651079099648,688.9658973937844,999.0,71.28962465355585,709.7467128257856,999.0
642,1.0,1.0,1.0,37.45193999865843,690.0420568889709,999.0,71.28962465355585,710.7637559690097,999.0
643,1.0,1.0,1.0,37.54735611266894,691.1181913114043,999.0,71.28962465355585,711.7807965644253,999.0
644,1.0,1.0,1.0,37.64275924838066,692.194300863307,999.0,71.28962465355585,712.7978347738475,999.0
645,1.0,1.0,1.0,37.738149520107896,693.2703857729447,999.0,71.28962465355585,713.8148707860325,999.0
646,1.0,1.0,1.0,37.83352704119114,694.34644624729,999.0,71.28962465355585,714.8319047610955,999.0
647,1.0,1.0,1.0,37.92889192395761,695.4224824936902,999.0,71.28962465355585,715.8489368718755,999.0
648,1.0,1.0,1.0,38.02424427976087,696.4984947303456,999.0,71.28962465355585,716.8659672964609,999.0
649,1.0,1.0,1.0,38.11958421899664,697.5744831775793,999.0,71.28962465355585,717.882996195328,999.0
650,1.0,1.0,1.0,38.21491185108804,698.6504480404077,999.0,71.28962465355585,718.900023731838,999.0
651,1.0,1.0,1.0,38.31022728454509,699.7263895223456,999.0,71.28962465355585,719.9170500808017,999.0
652,1.0,1.0,1.0,38.405530626916004,700.802307857964,999.0,71.28962465355585,720.9340754018091,999.0
653,1.0,1.0,1.0,38.50082198484646,701.8782032466918,999.0,71.28962465355585,721.951099860207,999.0
654,1.0,1.0,1.0,38.596101464086175,702.9540759062949,999.0,71.28962465355585,722.9681236215616,999.0
655,1.0,1.0,1.0,38.6913691694558,704.0299260536951,999.0,71.28962465355585,723.985146852389,999.0
656,1.0,1.0,1.0,38.78662520490554,705.1057538904881,999.0,71.28962465355585,725.0021696968113,999.0
657,1.0,1.0,1.0,38.88186967355365,706.1815596438664,999.0,71.28962465355585,726.0191923236185,999.0
658,1.0,1.0,1.0,38.97710267757206,707.2573435166245,999.0,71.28962465355585,727.0362149043923,999.0
659,1.0,1.0,1.0,39.07232431834774,708.333105730469,999.0,71.28962465355585,728.0532375745338,999.0
660,1.0,1.0,1.0,39.16753469639713,709.4088464966521,999.0,71.28962465355585,729.0702605022096,999.0
661,1.0,1.0,1.0,39.26273391140655,710.484566030556,999.0,71.28962465355585,730.0872838432184,999.0
662,1.0,1.0,1.0,39.35792206225696,711.5602645406804,999.0,71.28962465355585,731.1043077429889,999.0
663,1.0,1.0,1.0,39.45309924698233,712.6359422470849,999.0,71.28962465355585,732.1213323661262,999.0
664,1.0,1.0,1.0,39.548265562842786,713.7115993605983,999.0,71.28962465355585,733.1383578565419,999.0
665,1.0,1.0,1.0,39.64342110630456,714.7872360980678,999.0,71.28962465355585,734.1553843658943,999.0
666,1.0,1.0,1.0,39.73856597302981,715.8628526681526,999.0,71.28962465355585,735.1724120460427,999.0
667,1.0,1.0,1.0,39.83370025793187,716.938449287413,999.0,71.28962465355585,736.1894410497999,999.0
668,1.0,1.0,1.0,39.928824055136175,718.014026177646,999.0,71.28962465355585,737.2064715089284,999.0
669,1.0,1.0,1.0,40.0239374580268,719.0895835394447,999.0,71.28962465355585,738.2235035859908,999.0
670,1.0,1.0,1.0,40.11904055924279,720.1651215895316,999.0,71.28962465355585,739.2405374236679,999.0
671,1.0,1.0,1.0,40.21413345067751,721.2406405550773,999.0,71.28962465355585,740.2575731619331,999.0
672,1.0,1.0,1.0,40.309216223485784,722.3161406427446,999.0,71.28962465355585,741.274610940099,999.0
673,1.0,1.0,1.0,40.404288968132164,723.3916220643252,999.0,71.28962465355585,742.2916509045041,999.0
674,1.0,1.0,1.0,40.499351774344234,724.46708503277,999.0,71.28962465355585,743.3086932078352,999.0
675,1.0,1.0,1.0,40.59440473113563,725.5425297647155,999.0,71.28962465355585,744.325737965261,999.0
676,1.0,1.0,1.0,40.6894479268551,726.6179564767992,999.0,71.28962465355585,745.3427853432171,999.0
677,1.0,1.0,1.0,40.78448144915135,727.6933653796075,999.0,71.28962465355585,746.3598353926213,999.0
678,1.0,1.0,1.0,40.87950538497903,728.7687566938907,999.0,71.28962465355585,747.3768884042511,999.0
679,1.0,1.0,1.0,40.97451982064001,729.8441306284408,999.0,71.28962465355585,748.3939444026746,999.0
680,1.0,1.0,1.0,41.06952484175029,730.919487393826,999.0,71.28962465355585,749.4110035592096,999.0
681,1.0,1.0,1.0,41.16452053330848,731.9948272166164,999.0,71.28962465355585,750.4280659923675,999.0
682,1.0,1.0,1.0,41.25950697961485,733.0701502995989,999.0,71.28962465355585,751.44513183585,999.0
683,1.0,1.0,1.0,41.35448426435567,734.1454568689022,999.0,71.28962465355585,752.4622012259199,999.0
684,1.0,1.0,1.0,41.44945247057962,735.2207471246527,999.0,71.28962465355585,753.4792742850545,999.0
685,1.0,1.0,1.0,41.54441168071666,736.2960212924141,999.0,71.28962465355585,754.4963511452019,999.0
686,1.0,1.0,1.0,41.63936197654973,737.3712795803422,999.0,71.28962465355585,755.5134319395265,999.0
687,1.0,1.0,1.0,41.73430343928254,738.4465222124485,999.0,71.28962465355585,756.530516785617,999.0
688,1.0,1.0,1.0,41.82923614949385,739.5217493961596,999.0,71.28962465355585,757.5476058140023,999.0
689,1.0,1.0,1.0,41.92416018714974,740.5969613403707,999.0,71.28962465355585,758.5646991447092,999.0
690,1.0,1.0,1.0,42.019075631648285,741.6721582729785,999.0,71.28962465355585,759.5817969086479,999.0
691,1.0,1.0,1.0,42.11398256179807,742.7473403977539,999.0,71.28962465355585,760.5988992219403,999.0
692,1.0,1.0,1.0,42.20888105582529,743.822507935727,999.0,71.28962465355585,761.6160062026141,999.0
693,1.0,1.0,1.0,42.303771191353825,744.8976610996722,999.0,71.28962465355585,762.6331179749369,999.0
694,1.0,1.0,1.0,42.39865304549944,745.9728001450703,999.0,71.28962465355585,763.650234656388,999.0
695,1.0,1.0,1.0,42.493526694759616,747.0479251133003,999.0,71.28962465355585,764.6673563664718,999.0
696,1.0,1.0,1.0,42.58839221511412,748.1230364499918,999.0,71.28962465355585,765.6844832176739,999.0
697,1.0,1.0,1.0,42.683249681996706,749.1981342593128,999.0,71.28962465355585,766.701615326984,999.0
698,1.0,1.0,1.0,42.77809917024622,750.2732187639258,999.0,71.28962465355585,767.7187528115671,999.0
699,1.0,1.0,1.0,42.872940754229795,751.3482901794035,999.0,71.28962465355585,768.7358957836734,999.0
700,1.0,1.0,1.0,42.96777450775708,752.4233487227318,999.0,71.28962465355585,769.753044347689,999.0
701,1.0,1.0,1.0,43.062600504102406,753.4983946067405,999.0,71.28962465355585,770.770198627112,999.0
702,1.0,1.0,1.0,43.15741881604844,754.5734280494407,999.0,71.28962465355585,771.7873587174363,999.0
703,1.0,1.0,1.0,43.25222951583619,755.6484492574058,999.0,71.28962465355585,772.8045247401877,999.0
704,1.0,1.0,1.0,43.34703267521783,756.7234584561903,999.0,71.28962465355585,773.8216967968478,999.0
705,1.0,1.0,1.0,43.44182836543458,757.7984558506322,999.0,71.28962465355585,774.8388749964658,999.0
706,1.0,1.0,1.0,43.5366166572382,758.8734416609054,999.0,71.28962465355585,775.8560594408566,999.0
707,1.0,1.0,1.0,43.63139762084378,759.9484160944679,999.0,71.28962465355585,776.8732502372856,999.0
708,1.0,1.0,1.0,43.72617132608525,761.0233793775685,999.0,71.28962465355585,777.8904474915245,999.0
709,1.0,1.0,1.0,43.82093784218751,762.0983317161289,999.0,71.28962465355585,778.9076512989996,999.0
710,1.0,1.0,1.0,43.91569723800225,763.1732733247378,999.0,71.28962465355585,779.9248617670403,999.0
711,1.0,1.0,1.0,44.01044958183806,764.2482044206486,999.0,71.28962465355585,780.9420789923483,999.0
712,1.0,1.0,1.0,44.10519494159713,765.3231252203952,999.0,71.28962465355585,781.9593030768402,999.0
713,1.0,1.0,1.0,44.199933384649206,766.3980359311016,999.0,71.28962465355585,782.976534114305,999.0
714,1.0,1.0,1.0,44.29466497798417,767.472936775222,999.0,71.28962465355585,783.9937722017504,999.0
715,1.0,1.0,1.0,44.389389788094846,768.547827963866,999.0,71.28962465355585,785.0110174395782,999.0
716,1.0,1.0,1.0,44.48410788102441,769.6227097087603,999.0,71.28962465355585,786.0282699196644,999.0
717,1.0,1.0,1.0,44.578819322402026,770.6975822231291,999.0,71.28962465355585,787.0455297315397,999.0
718,1.0,1.0,1.0,44.67352417739292,771.7724457313575,999.0,71.28962465355585,788.0627969776208,999.0
719,1.0,1.0,1.0,44.768222510757084,772.8473004383841,999.0,71.28962465355585,789.0800717403893,999.0
720,1.0,1.0,1.0,44.86291438678947,773.9221465604218,999.0,71.28962465355585,790.0973541135183,999.0
721,1.0,1.0,1.0,44.95759986937431,774.9969843142404,999.0,71.28962465355585,791.114644187038,999.0
722,1.0,1.0,1.0,45.052279021994316,776.0718139108043,999.0,71.28962465355585,792.1319420480318,999.0
723,1.0,1.0,1.0,45.146951907701386,777.146635569375,999.0,71.28962465355585,793.149247781502,999.0
724,1.0,1.0,1.0,45.241618589137865,778.2214495003163,999.0,71.28962465355585,794.166561479153,999.0
725,1.0,1.0,1.0,45.33627912854775,779.2962559174451,999.0,71.28962465355585,795.183883221263,999.0
726,1.0,1.0,1.0,45.43093358774246,780.371055036663,999.0,71.28962465355585,796.2012130944634,999.0
727,1.0,1.0,1.0,45.52558202818071,781.4458470700934,999.0,71.28962465355585,797.2185511787757,999.0
728,1.0,1.0,1.0,45.620224510866024,782.520632235079,999.0,71.28962465355585,798.2358975584739,999.0
729,1.0,1.0,1.0,45.714861096465185,783.5954107459605,999.0,71.28962465355585,799.2532523155852,999.0
730,1.0,1.0,1.0,45.80949184525366,784.6701828129394,999.0,71.28962465355585,800.2706156146816,999.0
731,1.0,1.0,1.0,45.904116817094376,785.7449486543507,999.0,71.28962465355585,801.2879873606419,999.0
732,1.0,1.0,1.0,45.9987360714962,786.8197084826436,999.0,71.28962465355585,802.3053677155535,999.0
733,1.0,1.0,1.0,46.09334966755578,787.8944625102831,999.0,71.28962465355585,803.3227567950228,999.0
734,1.0,1.0,1.0,46.187957664048554,788.9692109532881,999.0,71.28962465355585,804.3401546076049,999.0
735,1.0,1.0,1.0,46.282560119348766,790.0439540263768,999.0,71.28962465355585,805.3575612391236,999.0
736,1.0,1.0,1.0,46.37715709147653,791.1186919415018,999.0,71.28962465355585,806.3749767985744,999.0
737,1.0,1.0,1.0,46.47174863809083,792.193424911495,999.0,71.28962465355585,807.3924013486336,999.0
738,1.0,1.0,1.0,46.56633481650546,793.2681531408302,999.0,71.28962465355585,808.4098349464064,999.0
739,1.0,1.0,1.0,46.66091568364067,794.3428769185692,999.0,71.28962465355585,809.4272776764244,999.0
740,1.0,1.0,1.0,46.755491296125754,795.417596331642,999.0,71.28962465355585,810.4447296013878,999.0
741,1.0,1.0,1.0,46.85006171019852,796.4923116763797,999.0,71.28962465355585,811.4621907896823,999.0
742,1.0,1.0,1.0,46.94462698175077,797.5670231528463,999.0,71.28962465355585,812.4796613094582,999.0
743,1.0,1.0,1.0,47.03918716636701,798.6417309655018,999.0,71.28962465355585,813.4971412250142,999.0
744,1.0,1.0,1.0,47.13374231929654,799.7164354189524,999.0,71.28962465355585,814.5146306080896,999.0
745,1.0,1.0,1.0,47.22829249540169,800.7911365599341,999.0,71.28962465355585,815.5321295184596,999.0
746,1.0,1.0,1.0,47.322837749263584,801.8658346846629,999.0,71.28962465355585,816.5496380147616,999.0
747,1.0,1.0,1.0,47.41737813512144,802.9405300115104,999.0,71.28962465355585,817.5671561655473,999.0
748,1.0,1.0,1.0,47.51191370691254,804.0152227470903,999.0,71.28962465355585,818.5846840277084,999.0
749,1.0,1.0,1.0,47.60644451821185,805.0899131107617,999.0,71.28962465355585,819.6022216696905,999.0
750,1.0,1.0,1.0,47.70097062231008,806.1646013108931,999.0,71.28962465355585,820.6197691420922,999.0
751,1.0,1.0,1.0,47.795492072171754,807.2392875672159,999.0,71.28962465355585,821.6373264597837,999.0
752,1.0,1.0,1.0,47.89000892044018,808.3139720933141,999.0,71.28962465355585,822.6548937703753,999.0
753,1.0,1.0,1.0,47.984521219483035,809.3886550993601,999.0,71.28962465355585,823.6724710852187,999.0
754,1.0,1.0,1.0,48.07902902131508,810.4633368050089,999.0,71.28962465355585,824.6900584593335,999.0
755,1.0,1.0,1.0,48.17353237766887,811.5380174137703,999.0,71.28962465355585,825.7076559496164,999.0
756,1.0,1.0,1.0,48.268031340010936,812.6126971520176,999.0,71.28962465355585,826.7252636058047,999.0
757,1.0,1.0,1.0,48.36252595946325,813.6873762280441,999.0,71.28962465355585,827.7428814820196,999.0
758,1.0,1.0,1.0,48.457016286880766,814.7620548597996,999.0,71.28962465355585,828.7605096295523,999.0
759,1.0,1.0,1.0,48.5515023727979,815.836733252358,999.0,71.28962465355585,829.7781480982064,999.0
760,1.0,1.0,1.0,48.64598426751829,816.911411627352,999.0,71.28962465355585,830.7957969374614,999.0
761,1.0,1.0,1.0,48.74046202098457,817.9860901428615,999.0,71.28962465355585,831.8134561953232,999.0
762,1.0,1.0,1.0,48.834935682915685,819.06076911809,999.0,71.28962465355585,832.8311259200182,999.0
763,1.0,1.0,1.0,48.929405302719964,820.1354487173851,999.0,71.28962465355585,833.8488061570566,999.0
764,1.0,1.0,1.0,49.023870929552515,821.2101291510987,999.0,71.28962465355585,834.8664969518006,999.0
765,1.0,1.0,1.0,49.11833261224258,822.2848106370715,999.0,71.28962465355585,835.8841983510002,999.0
766,1.0,1.0,1.0,49.21279039941511,823.3594933882804,999.0,71.28962465355585,836.9019103938671,999.0
767,1.0,1.0,1.0,49.30724433936809,824.4341776186744,999.0,71.28962465355585,837.9196331273782,999.0
768,1.0,1.0,1.0,49.40169448016376,825.5088635427156,999.0,71.28962465355585,838.9373665908348,999.0
769,1.0,1.0,1.0,49.49614086958893,826.5835513745358,999.0,71.28962465355585,839.9551108256458,999.0
770,1.0,1.0,1.0,49.59058355517083,827.658241329322,999.0,71.28962465355585,840.9728658703433,999.0
771,1.0,1.0,1.0,49.68502258416032,828.7329336188307,999.0,71.28962465355585,841.9906317658417,999.0
772,1.0,1.0,1.0,49.77945800359584,829.8076284606896,999.0,71.28962465355585,843.0084085487367,999.0
773,1.0,1.0,1.0,49.87388986019292,830.8823260664975,999.0,71.28962465355585,844.0261962560196,999.0
774,1.0,1.0,1.0,49.968318200464566,831.9570266527905,999.0,71.28962465355585,845.0439949235614,999.0
775,1.0,1.0,1.0,50.062743070632365,833.0317304328391,999.0,71.28962465355585,846.0618045881619,999.0
776,1.0,1.0,1.0,50.15716451671307,834.1064376217985,999.0,71.28962465355585,847.0796252812852,999.0
777,1.0,1.0,1.0,50.251582584471855,835.181148433199,999.0,71.28962465355585,848.0974570391326,999.0
778,1.0,1.0,1.0,50.34599731940098,836.2558630834172,999.0,71.28962465355585,849.1152998917248,999.0
779,1.0,1.0,1.0,50.44040876675295,837.3305817862183,999.0,71.28962465355585,850.1331538712279,999.0
780,1.0,1.0,1.0,50.534816971562094,838.4053047561421,999.0,71.28962465355585,851.1510190087234,999.0
781,1.0,1.0,1.0,50.629221978617984,839.4800322082463,999.0,71.28962465355585,852.1688953339241,999.0
782,1.0,1.0,1.0,50.72362383246154,840.5547643576795,999.0,71.28962465355585,853.1867828755996,999.0
783,1.0,1.0,1.0,50.81802257741344,841.6295014186921,999.0,71.28962465355585,854.2046816613228,999.0
784,1.0,1.0,1.0,50.91241825755475,842.7042436066047,999.0,71.28962465355585,855.2225917187998,999.0
785,1.0,1.0,1.0,51.0068109167584,843.7789911364222,999.0,71.28962465355585,856.2405130727489,999.0
786,1.0,1.0,1.0,51.10120059864012,844.8537442245304,999.0,71.28962465355585,857.2584457507268,999.0
787,1.0,1.0,1.0,51.195587346579146,845.9285030839807,999.0,71.28962465355585,858.2763897757741,999.0
788,1.0,1.0,1.0,51.2899712038074,847.0032679319363,999.0,71.28962465355585,859.2943451716349,999.0
789,1.0,1.0,1.0,51.38435221326461,848.0780389825852,999.0,71.28962465355585,860.312311961234,999.0
790,1.0,1.0,1.0,51.4787304176618,849.1528164523617,999.0,71.28962465355585,861.3302901663119,999.0
791,1.0,1.0,1.0,51.57310585952798,850.2276005571226,999.0,71.28962465355585,862.3482798083797,999.0
792,1.0,1.0,1.0,51.66747858119764,851.3023915123326,999.0,71.28962465355585,863.3662809065531,999.0
793,1.0,1.0,1.0,51.761848624755,852.3771895327935,999.0,71.28962465355585,864.3842934815693,999.0
794,1.0,1.0,1.0,51.856216032050355,853.4519948349473,999.0,71.28962465355585,865.4023175517566,999.0
795,1.0,1.0,1.0,51.95058084479351,854.5268076353985,999.0,71.28962465355585,866.4203531346672,999.0
796,1.0,1.0,1.0,52.04494310441034,855.6016281500597,999.0,71.28962465355585,867.4384002479029,999.0
797,1.0,1.0,1.0,52.13930285218664,856.6764565953141,999.0,71.28962465355585,868.4564589063696,999.0
798,1.0,1.0,1.0,52.23366012914436,857.751293187668,999.0,71.28962465355585,869.4745291259834,999.0
799,1.0,1.0,1.0,52.328014976166955,858.8261381436398,999.0,71.28962465355585,870.4926109220473,999.0
800,1.0,1.0,1.0,52.42236743389178,859.900991679246,999.0,71.28962465355585,871.5107043072587,999.0
801,1.0,1.0,1.0,52.516717542739585,860.9758540119133,999.0,71.28962465355585,872.528809295404,999.0
802,1.0,1.0,1.0,52.61106534298601,862.0507253592483,999.0,71.28962465355585,873.5469258987101,999.0
803,1.0,1.0,1.0,52.70541087466028,863.1256059377561,999.0,71.28962465355585,874.5650541277283,999.0
804,1.0,1.0,1.0,52.79975417764941,864.2004959645867,999.0,71.28962465355585,875.5831939949226,999.0
805,1.0,1.0,1.0,52.89409529161249,865.2753956575206,999.0,71.28962465355585,876.6013455089749,999.0
806,1.0,1.0,1.0,52.98843425603391,866.3503052344194,999.0,71.28962465355585,877.6195086797253,999.0
807,1.0,1.0,1.0,53.08277111018199,867.4252249130839,999.0,71.28962465355585,878.6376835150156,999.0
808,1.0,1.0,1.0,53.177105893175174,868.50015491094,999.0,71.28962465355585,879.6558700236427,999.0
809,1.0,1.0,1.0,53.27143864389546,869.5750954473752,999.0,71.28962465355585,880.6740682118619,999.0
810,1.0,1.0,1.0,53.365769401110754,870.6500467395863,999.0,71.28962465355585,881.6922780868532,999.0
811,1.0,1.0,1.0,53.46009820335467,871.7250090074633,999.0,71.28962465355585,882.7104996538457,999.0
812,1.0,1.0,1.0,53.55442508897479,872.7999824693815,999.0,71.28962465355585,883.7287329177952,999.0
813,1.0,1.0,1.0,53.64875009617465,873.8749673440827,999.0,71.28962465355585,884.7469778830528,999.0
814,1.0,1.0,1.0,53.74307326295556,874.9499638511579,999.0,71.28962465355585,885.7652345539369,999.0
815,1.0,1.0,1.0,53.83739462711602,876.0249722102018,999.0,71.28962465355585,886.7835029323975,999.0
816,1.0,1.0,1.0,53.9317142263518,877.0999926412915,999.0,71.28962465355585,887.8017830214945,999.0
817,1.0,1.0,1.0,54.026032098121355,878.1750253638716,999.0,71.28962465355585,888.8200748230837,999.0
818,1.0,1.0,1.0,54.12034827972534,879.2500705999247,999.0,71.28962465355585,889.8383783379961,999.0
819,1.0,1.0,1.0,54.214662808338986,880.3251285678541,999.0,71.28962465355585,890.8566935663806,999.0
820,1.0,1.0,1.0,54.30897572088558,881.4001994898847,999.0,71.28962465355585,891.8750205089982,999.0
821,1.0,1.0,1.0,54.40328705416848,882.475283586942,999.0,71.28962465355585,892.8933591639145,999.0
822,1.0,1.0,1.0,54.49759684483167,883.550381080552,999.0,71.28962465355585,893.9117095311601,999.0
823,1.0,1.0,1.0,54.591905129353705,884.6254921929515,999.0,71.28962465355585,894.9300716080098,999.0
824,1.0,1.0,1.0,54.68621194398627,885.7006171453492,999.0,71.28962465355585,895.9484453923628,999.0
825,1.0,1.0,1.0,54.78051732490986,886.7757561614712,999.0,71.28962465355585,896.9668308811647,999.0
826,1.0,1.0,1.0,54.87482130807776,887.8509094626223,999.0,71.28962465355585,897.9852280706043,999.0
827,1.0,1.0,1.0,54.96912392933323,888.9260772736885,999.0,71.28962465355585,899.0036369576799,999.0
828,1.0,1.0,1.0,55.06342522430893,890.0012598171388,999.0,71.28962465355585,900.0220575365406,999.0
829,1.0,1.0,1.0,55.15772522852913,891.0764573172936,999.0,71.28962465355585,901.040489802956,999.0
830,1.0,1.0,1.0,55.25202397730759,892.1516699988011,999.0,71.28962465355585,902.0589337510143,999.0
831,1.0,1.0,1.0,55.346321505846696,893.2268980856142,999.0,71.28962465355585,903.0773893750803,999.0
832,1.0,1.0,1.0,55.44061784918174,894.3021418041133,999.0,71.28962465355585,904.0958566687282,999.0
833,1.0,1.0,1.0,55.53491304220924,895.3774013785447,999.0,71.28962465355585,905.1143356251245,999.0
834,1.0,1.0,1.0,55.62920711963002,896.4526770361751,999.0,71.28962465355585,906.1328262367372,999.0
835,1.0,1.0,1.0,55.72350011605387,897.5279690027537,999.0,71.28962465355585,907.1513284961912,999.0
836,1.0,1.0,1.0,55.81779206590581,898.6032775058734,999.0,71.28962465355585,908.1698423953902,999.0
837,1.0,1.0,1.0,55.91208300344781,899.6786027728629,999.0,71.28962465355585,909.1883679256172,999.0
838,1.0,1.0,1.0,56.00637296284032,900.7539450319879,999.0,71.28962465355585,910.2069050786023,999.0
839,1.0,1.0,1.0,56.10066197807706,901.8293045114566,999.0,71.28962465355585,911.2254538451461,999.0
840,1.0,1.0,1.0,56.19495008297387,902.9046814403182,999.0,71.28962465355585,912.2440142156252,999.0
841,1.0,1.0,1.0,56.2892373112752,903.9800760490966,999.0,71.28962465355585,913.2625861807924,999.0
842,1.0,1.0,1.0,56.38352369653667,905.0554885669866,999.0,71.28962465355585,914.2811697303131,999.0
843,1.0,1.0,1.0,56.4778092721764,906.130919225578,999.0,71.28962465355585,915.2997648541523,999.0
844,1.0,1.0,1.0,56.572094071459716,907.2063682566766,999.0,71.28962465355585,916.31837154185,999.0
845,1.0,1.0,1.0,56.6663781275613,908.2818358917132,999.0,71.28962465355585,917.3369897829938,999.0
846,1.0,1.0,1.0,56.760661473464815,909.3573223637812,999.0,71.28962465355585,918.355619566792,999.0
847,1.0,1.0,1.0,56.85494414206064,910.4328279068343,999.0,71.28962465355585,919.3742608819695,999.0
848,1.0,1.0,1.0,56.949226166062196,911.5083527549778,999.0,71.28962465355585,920.3929137178277,999.0
849,1.0,1.0,1.0,57.04350757808645,912.5838971429108,999.0,71.28962465355585,921.4115780631442,999.0
850,1.0,1.0,1.0,57.13778841059987,913.6594613069352,999.0,71.28962465355585,922.4302539067755,999.0
851,1.0,1.0,1.0,57.23206869590101,914.7350454834694,999.0,71.28962465355585,923.4489412372589,999.0
852,1.0,1.0,1.0,57.326348466265564,915.8106499096529,999.0,71.28962465355585,924.4676400436812,999.0
853,1.0,1.0,1.0,57.42062775371102,916.8862748242885,999.0,71.28962465355585,925.4863503144343,999.0
854,1.0,1.0,1.0,57.514906590193206,917.96192046596,999.0,71.28962465355585,926.5050720383941,999.0
855,1.0,1.0,1.0,57.609185007558075,919.0375870754344,999.0,71.28962465355585,927.5238052047167,999.0
856,1.0,1.0,1.0,57.70346303745541,920.1132748933683,999.0,71.28962465355585,928.5425498020809,999.0
857,1.0,1.0,1.0,57.79774071146988,921.1889841617507,999.0,71.28962465355585,929.5613058199035,999.0
858,1.0,1.0,1.0,57.89201806104046,922.2647151238355,999.0,71.28962465355585,930.5800732473364,999.0
859,1.0,1.0,1.0,57.98629511747858,923.340468023822,999.0,71.28962465355585,931.5988520740786,999.0
860,1.0,1.0,1.0,58.08057191196611,924.4162431069583,999.0,71.28962465355585,932.6176422899588,999.0
861,1.0,1.0,1.0,58.17484847559529,925.4920406193049,999.0,71.28962465355585,933.6364438852551,999.0
862,1.0,1.0,1.0,58.269124839287294,926.5678608089988,999.0,71.28962465355585,934.6552568504272,999.0
863,1.0,1.0,1.0,58.36340103389959,927.6437039243942,999.0,71.28962465355585,935.6740811763818,999.0
864,1.0,1.0,1.0,58.45767709011901,928.7195702158745,999.0,71.28962465355585,936.6929168547704,999.0
865,1.0,1.0,1.0,58.55195303853575,929.795459934742,999.0,71.28962465355585,937.7117638772978,999.0
866,1.0,1.0,1.0,58.64622890960889,930.8713733340345,999.0,71.28962465355585,938.7306222363184,999.0
867,1.0,1.0,1.0,58.7405047337195,931.9473106679197,999.0,71.28962465355585,939.7494919251806,999.0
868,1.0,1.0,1.0,58.834780541086,933.023272192092,999.0,71.28962465355585,940.7683729376712,999.0
869,1.0,1.0,1.0,58.929056361859175,934.0992581642049,999.0,71.28962465355585,941.7872652680596,999.0
870,1.0,1.0,1.0,59.02333222601769,935.175268843063,999.0,71.28962465355585,942.8061689118572,999.0
871,1.0,1.0,1.0,59.117608163461504,936.251304489435,999.0,71.28962465355585,943.8250838652469,999.0
872,1.0,1.0,1.0,59.211884203983786,937.3273653659779,999.0,71.28962465355585,944.8440101253107,999.0
873,1.0,1.0,1.0,59.30616037726754,938.4034517368399,999.0,71.28962465355585,945.862947690141,999.0
874,1.0,1.0,1.0,59.400436712860824,939.4795638684761,999.0,71.28962465355585,946.8818965590328,999.0
875,1.0,1.0,1.0,59.494713240197896,940.5557020289948,999.0,71.28962465355585,947.900856732456,999.0
876,1.0,1.0,1.0,59.58898998864284,941.6318664892073,999.0,71.28962465355585,948.9198282121275,999.0
877,1.0,1.0,1.0,59.68326698744267,942.7080575215255,999.0,71.28962465355585,949.9388110010941,999.0
878,1.0,1.0,1.0,59.77754426569395,943.7842754010794,999.0,71.28962465355585,950.9578051038803,999.0
879,1.0,1.0,1.0,59.871821852433165,944.8605204052849,999.0,71.28962465355585,951.9768105266354,999.0
880,1.0,1.0,1.0,59.9660997765742,945.9367928141435,999.0,71.28962465355585,952.995827277126,999.0
881,1.0,1.0,1.0,60.060378066886614,947.0130929103794,999.0,71.28962465355585,954.0148553650045,999.0
882,1.0,1.0,1.0,60.154656752156995,948.0894209794973,999.0,71.28962465355585,955.0338948018339,999.0
883,1.0,1.0,1.0,60.248935860909754,949.165777309875,999.0,71.28962465355585,956.0529456012059,999.0
884,1.0,1.0,1.0,60.3432154216692,950.2421621933372,999.0,71.28962465355585,957.0720077789796,999.0
885,1.0,1.0,1.0,60.43749546283003,951.3185759246006,999.0,71.28962465355585,958.0910813533828,999.0
886,1.0,1.0,1.0,60.53177601270038,952.3950188021399,999.0,71.28962465355585,959.110166345164,999.0
887,1.0,1.0,1.0,60.62605709947097,953.4714911278838,999.0,71.28962465355585,960.1292627778193,999.0
888,1.0,1.0,1.0,60.720338751215316,954.547993207894,999.0,71.28962465355585,961.1483706777427,999.0
889,1.0,1.0,1.0,60.81462099594318,955.6245253520901,999.0,71.28962465355585,962.1674900744924,999.0
890,1.0,1.0,1.0,60.90890386153785,956.7010878748574,999.0,71.28962465355585,963.1866210009109,999.0
891,1.0,1.0,1.0,61.00318737582838,957.7776810952475,999.0,71.28962465355585,964.2057634935074,999.0
892,1.0,1.0,1.0,61.09747156649,958.8543053370734,999.0,71.28962465355585,965.2249175926145,999.0
893,1.0,1.0,1.0,61.191756461118935,959.9309609295167,999.0,71.28962465355585,966.2440833427447,999.0
894,1.0,1.0,1.0,61.28604208725202,961.0076482071956,999.0,71.28962465355585,967.2632607928415,999.0
895,1.0,1.0,1.0,61.38032847228747,962.084367510775,999.0,71.28962465355585,968.2824499966864,999.0
896,1.0,1.0,1.0,61.47461564355853,963.1611191872489,999.0,71.28962465355585,969.3016510132402,999.0
897,1.0,1.0,1.0,61.56890362829178,964.2379035903681,999.0,71.28962465355585,970.3208639070856,999.0
898,1.0,1.0,1.0,61.66319245359393,965.3147210812433,999.0,71.28962465355585,971.3400887488424,999.0
899,1.0,1.0,1.0,61.757482146540106,966.3915720288725,999.0,71.28962465355585,972.359325615732,999.0
900,1.0,1.0,1.0,61.851772734082786,967.4684568107122,999.0,71.28962465355585,973.3785745921118,999.0
901,1.0,1.0,1.0,61.94606424305811,968.5453758134029,999.0,71.28962465355585,974.3978357701088,999.0
902,1.0,1.0,1.0,62.04035670025765,969.6223294335279,999.0,71.28962465355585,975.4171092503377,999.0
903,1.0,1.0,1.0,62.13465013234985,970.6993180784767,999.0,71.28962465355585,976.4363951427104,999.0
904,1.0,1.0,1.0,62.228944565907646,971.7763421674139,999.0,71.28962465355585,977.4556935673182,999.0
905,1.0,1.0,1.0,62.32324002746078,972.8534021323788,999.0,71.28962465355585,978.4750046554904,999.0
906,1.0,1.0,1.0,62.41753654346214,973.930498419531,999.0,71.28962465355585,979.4943285509646,999.0
907,1.0,1.0,1.0,62.511834140144295,975.0076314905855,999.0,71.28962465355585,980.5136654112652,999.0
908,1.0,1.0,1.0,62.606132843815196,976.0848018244293,999.0,71.28962465355585,981.5330154092869,999.0
909,1.0,1.0,1.0,62.70043268063493,977.1620099190366,999.0,71.28962465355585,982.5523785863361,999.0
910,1.0,1.0,1.0,62.79473367663533,978.2392562936503,999.0,71.28962465355585,983.5717555984913,999.0
911,1.0,1.0,1.0,62.889035857821284,979.3165414913548,999.0,71.28962465355585,984.5911463297183,999.0
912,1.0,1.0,1.0,62.98333925010626,980.393866082117,999.0,71.28962465355585,985.610550983895,999.0
913,1.0,1.0,1.0,63.077643879304034,981.4712306663863,999.0,71.28962465355585,986.6299699494919,999.0
914,1.0,1.0,1.0,63.17194977113931,982.548635879424,999.0,71.28962465355585,987.6494034707299,999.0
915,1.0,1.0,1.0,63.26625695127463,983.6260823976172,999.0,71.28962465355585,988.6688520643603,999.0
916,1.0,1.0,1.0,63.36056544528105,984.7035710375314,999.0,71.28962465355585,989.688316053971,999.0
917,1.0,1.0,1.0,63.45487527864653,985.7811023782847,999.0,71.28962465355585,990.7077959157482,999.0
918,1.0,1.0,1.0,63.5491864767893,986.8586772818826,999.0,71.28962465355585,991.7272921821628,999.0
919,1.0,1.0,1.0,63.64349906502501,987.936296830439,999.0,71.28962465355585,992.7468054848756,999.0
920,1.0,1.0,1.0,63.737813068623765,989.013961881054,999.0,71.28962465355585,993.7663365727719,999.0
921,1.0,1.0,1.0,63.83212851273917,990.0916737824299,999.0,71.28962465355585,994.7858863597246,999.0
922,1.0,1.0,1.0,63.92644542249125,991.1694335842667,999.0,71.28962465355585,995.805456010981,999.0
923,1.0,1.0,1.0,64.02076382287085,992.2472428425209,999.0,71.28962465355585,996.8250469831074,999.0
924,1.0,1.0,1.0,64.11508373881027,993.3251032763338,999.0,71.28962465355585,997.8446614577762,999.0
925,1.0,1.0,1.0,64.20940519519452,994.4030169686619,999.0,71.28962465355585,998.8643028548391,999.0
926,1.0,1.0,1.0,64.30372821682249,995.4809865438663,999.0,71.28962465355585,999.0,999.0
927,1.0,1.0,1.0,64.398052828366,996.5590153799745,999.0,71.28962465355585,999.0,999.0
928,1.0,1.0,1.0,64.49237905445831,997.6371084177017,999.0,71.28962465355585,999.0,999.0
929,1.0,1.0,1.0,64.58670691968499,998.7152736190178,999.0,71.28962465355585,999.0,999.0
930,1.0,1.0,1.0,64.68103644853797,999.0,999.0,71.28962465355585,999.0,999.0
931,1.0,1.0,1.0,64.77536766540614,999.0,999.0,71.28962465355585,999.0,999.0
932,1.0,1.0,1.0,64.86970059464772,999.0,999.0,71.28962465355585,999.0,999.0
933,1.0,1.0,1.0,64.96403526051968,999.0,999.0,71.28962465355585,999.0,999.0
934,1.0,1.0,1.0,65.058371687197,999.0,999.0,71.28962465355585,999.0,999.0
935,1.0,1.0,1.0,65.15270989886095,999.0,999.0,71.28962465355585,999.0,999.0
936,1.0,1.0,1.0,65.24704991949594,999.0,999.0,71.28962465355585,999.0,999.0
937,1.0,1.0,1.0,65.3413917731316,999.0,999.0,71.28962465355585,999.0,999.0
938,1.0,1.0,1.0,65.43573548365816,999.0,999.0,71.28962465355585,999.0,999.0
939,1.0,1.0,1.0,65.5300810749099,999.0,999.0,71.28962465355585,999.0,999.0
940,1.0,1.0,1.0,65.62442857067948,999.0,999.0,71.28962465355585,999.0,999.0
941,1.0,1.0,1.0,65.71877799464598,999.0,999.0,71.28962465355585,999.0,999.0
942,1.0,1.0,1.0,65.8131293704754,999.0,999.0,71.28962465355585,999.0,999.0
943,1.0,1.0,1.0,65.90748272171287,999.0,999.0,71.28962465355585,999.0,999.0
944,1.0,1.0,1.0,66.00183807183888,999.0,999.0,71.28962465355585,999.0,999.0
945,1.0,1.0,1.0,66.09619544433713,999.0,999.0,71.28962465355585,999.0,999.0
946,1.0,1.0,1.0,66.19055486253313,999.0,999.0,71.28962465355585,999.0,999.0
947,1.0,1.0,1.0,66.28491634974942,999.0,999.0,71.28962465355585,999.0,999.0
948,1.0,1.0,1.0,66.37927992921388,999.0,999.0,71.28962465355585,999.0,999.0
949,1.0,1.0,1.0,66.47364562406966,999.0,999.0,71.28962465355585,999.0,999.0
950,1.0,1.0,1.0,66.56801345745347,999.0,999.0,71.28962465355585,999.0,999.0
951,1.0,1.0,1.0,66.66238345239293,999.0,999.0,71.28962465355585,999.0,999.0
952,1.0,1.0,1.0,66.75675563189147,999.0,999.0,71.28962465355585,999.0,999.0
953,1.0,1.0,1.0,66.85113001882205,999.0,999.0,71.28962465355585,999.0,999.0
954,1.0,1.0,1.0,66.9455066360279,999.0,999.0,71.28962465355585,999.0,999.0
955,1.0,1.0,1.0,67.03988550635896,999.0,999.0,71.28962465355585,999.0,999.0
956,1.0,1.0,1.0,67.13426665246668,999.0,999.0,71.28962465355585,999.0,999.0
957,1.0,1.0,1.0,67.22865009705652,999.0,999.0,71.28962465355585,999.0,999.0
958,1.0,1.0,1.0,67.32303586272583,999.0,999.0,71.28962465355585,999.0,999.0
959,1.0,1.0,1.0,67.41742397198252,999.0,999.0,71.28962465355585,999.0,999.0
960,1.0,1.0,1.0,67.51181444736301,999.0,999.0,71.28962465355585,999.0,999.0
961,1.0,1.0,1.0,67.6062073112492,999.0,999.0,71.28962465355585,999.0,999.0
962,1.0,1.0,1.0,67.70060258601269,999.0,999.0,71.28962465355585,999.0,999.0
963,1.0,1.0,1.0,67.79500029392597,999.0,999.0,71.28962465355585,999.0,999.0
964,1.0,1.0,1.0,67.88940045727003,999.0,999.0,71.28962465355585,999.0,999.0
965,1.0,1.0,1.0,67.98380309821198,999.0,999.0,71.28962465355585,999.0,999.0
966,1.0,1.0,1.0,68.07820823885845,999.0,999.0,71.28962465355585,999.0,999.0
967,1.0,1.0,1.0,68.17261590130433,999.0,999.0,71.28962465355585,999.0,999.0
968,1.0,1.0,1.0,68.2670261075486,999.0,999.0,71.28962465355585,999.0,999.0
969,1.0,1.0,1.0,68.36143887955427,999.0,999.0,71.28962465355585,999.0,999.0
970,1.0,1.0,1.0,68.45585423920869,999.0,999.0,71.28962465355585,999.0,999.0
971,1.0,1.0,1.0,68.5502722082959,999.0,999.0,71.28962465355585,999.0,999.0
972,1.0,1.0,1.0,68.64469280867627,999.0,999.0,71.28962465355585,999.0,999.0
973,1.0,1.0,1.0,68.73911606204888,999.0,999.0,71.28962465355585,999.0,999.0
974,1.0,1.0,1.0,68.83354199008774,999.0,999.0,71.28962465355585,999.0,999.0
975,1.0,1.0,1.0,68.92797061437992,999.0,999.0,71.28962465355585,999.0,999.0
976,1.0,1.0,1.0,69.02240195653013,999.0,999.0,71.28962465355585,999.0,999.0
977,1.0,1.0,1.0,69.11683603802261,999.0,999.0,71.28962465355585,999.0,999.0
978,1.0,1.0,1.0,69.21127288031734,999.0,999.0,71.28962465355585,999.0,999.0
979,1.0,1.0,1.0,69.30571250478414,999.0,999.0,71.28962465355585,999.0,999.0
980,1.0,1.0,1.0,69.40015493282107,999.0,999.0,71.28962465355585,999.0,999.0
981,1.0,1.0,1.0,69.49460018569852,999.0,999.0,71.28962465355585,999.0,999.0
982,1.0,1.0,1.0,69.58904828465243,999.0,999.0,71.28962465355585,999.0,999.0
983,1.0,1.0,1.0,69.68349925087045,999.0,999.0,71.28962465355585,999.0,999.0
984,1.0,1.0,1.0,69.7779531054935,999.0,999.0,71.28962465355585,999.0,999.0
985,1.0,1.0,1.0,69.87240986960113,999.0,999.0,71.28962465355585,999.0,999.0
986,1.0,1.0,1.0,69.96686956422576,999.0,999.0,71.28962465355585,999.0,999.0
987,1.0,1.0,1.0,70.06133221036949,999.0,999.0,71.28962465355585,999.0,999.0
988,1.0,1.0,1.0,70.15579782894052,999.0,999.0,71.28962465355585,999.0,999.0
989,1.0,1.0,1.0,70.25026644082449,999.0,999.0,71.28962465355585,999.0,999.0
990,1.0,1.0,1.0,70.34473806688763,999.0,999.0,71.28962465355585,999.0,999.0
991,1.0,1.0,1.0,70.43921272788904,999.0,999.0,71.28962465355585,999.0,999.0
992,1.0,1.0,1.0,70.53369044452602,999.0,999.0,71.28962465355585,999.0,999.0
993,1.0,1.0,1.0,70.62817123751374,999.0,999.0,71.28962465355585,999.0,999.0
994,1.0,1.0,1.0,70.72265512751193,999.0,999.0,71.28962465355585,999.0,999.0
995,1.0,1.0,1.0,70.81714213506834,999.0,999.0,71.28962465355585,999.0,999.0
996,1.0,1.0,1.0,70.91163228072278,999.0,999.0,71.28962465355585,999.0,999.0
997,1.0,1.0,1.0,71.00612558497697,999.0,999.0,71.28962465355585,999.0,999.0
998,1.0,1.0,1.0,71.10062206828385,999.0,999.0,71.28962465355585,999.0,999.0
999,1.0,1.0,1.0,71.19512175104455,999.0,999.0,71.28962465355585,999.0,999.0
